[2023-01-13 09:21:52] local.ERROR: SQLSTATE[HY000] [2002] Connection refused (SQL: SHOW FULL TABLES WHERE table_type = 'BASE TABLE') {"exception":"[object] (Illuminate\\Database\\QueryException(code: 2002): SQLSTATE[HY000] [2002] Connection refused (SQL: SHOW FULL TABLES WHERE table_type = 'BASE TABLE') at /var/www/html/vendor/laravel/framework/src/Illuminate/Database/Connection.php:712)
[stacktrace]
#0 /var/www/html/vendor/laravel/framework/src/Illuminate/Database/Connection.php(784): Illuminate\\Database\\Connection->runQueryCallback()
#1 /var/www/html/vendor/laravel/framework/src/Illuminate/Database/Connection.php(764): Illuminate\\Database\\Connection->tryAgainIfCausedByLostConnection()
#2 /var/www/html/vendor/laravel/framework/src/Illuminate/Database/Connection.php(675): Illuminate\\Database\\Connection->handleQueryException()
#3 /var/www/html/vendor/laravel/framework/src/Illuminate/Database/Connection.php(376): Illuminate\\Database\\Connection->run()
#4 /var/www/html/vendor/laravel/framework/src/Illuminate/Database/Schema/MySqlBuilder.php(125): Illuminate\\Database\\Connection->select()
#5 /var/www/html/vendor/laravel/framework/src/Illuminate/Database/Schema/MySqlBuilder.php(74): Illuminate\\Database\\Schema\\MySqlBuilder->getAllTables()
#6 /var/www/html/vendor/laravel/framework/src/Illuminate/Database/Console/WipeCommand.php(69): Illuminate\\Database\\Schema\\MySqlBuilder->dropAllTables()
#7 /var/www/html/vendor/laravel/framework/src/Illuminate/Database/Console/WipeCommand.php(46): Illuminate\\Database\\Console\\WipeCommand->dropAllTables()
#8 /var/www/html/vendor/laravel/framework/src/Illuminate/Container/BoundMethod.php(36): Illuminate\\Database\\Console\\WipeCommand->handle()
#9 /var/www/html/vendor/laravel/framework/src/Illuminate/Container/Util.php(40): Illuminate\\Container\\BoundMethod::Illuminate\\Container\\{closure}()
#10 /var/www/html/vendor/laravel/framework/src/Illuminate/Container/BoundMethod.php(93): Illuminate\\Container\\Util::unwrapIfClosure()
#11 /var/www/html/vendor/laravel/framework/src/Illuminate/Container/BoundMethod.php(37): Illuminate\\Container\\BoundMethod::callBoundMethod()
#12 /var/www/html/vendor/laravel/framework/src/Illuminate/Container/Container.php(653): Illuminate\\Container\\BoundMethod::call()
#13 /var/www/html/vendor/laravel/framework/src/Illuminate/Console/Command.php(136): Illuminate\\Container\\Container->call()
#14 /var/www/html/vendor/symfony/console/Command/Command.php(298): Illuminate\\Console\\Command->execute()
#15 /var/www/html/vendor/laravel/framework/src/Illuminate/Console/Command.php(121): Symfony\\Component\\Console\\Command\\Command->run()
#16 /var/www/html/vendor/laravel/framework/src/Illuminate/Console/Concerns/CallsCommands.php(68): Illuminate\\Console\\Command->run()
#17 /var/www/html/vendor/laravel/framework/src/Illuminate/Console/Concerns/CallsCommands.php(28): Illuminate\\Console\\Command->runCommand()
#18 /var/www/html/vendor/laravel/framework/src/Illuminate/Database/Console/Migrations/FreshCommand.php(43): Illuminate\\Console\\Command->call()
#19 /var/www/html/vendor/laravel/framework/src/Illuminate/Container/BoundMethod.php(36): Illuminate\\Database\\Console\\Migrations\\FreshCommand->handle()
#20 /var/www/html/vendor/laravel/framework/src/Illuminate/Container/Util.php(40): Illuminate\\Container\\BoundMethod::Illuminate\\Container\\{closure}()
#21 /var/www/html/vendor/laravel/framework/src/Illuminate/Container/BoundMethod.php(93): Illuminate\\Container\\Util::unwrapIfClosure()
#22 /var/www/html/vendor/laravel/framework/src/Illuminate/Container/BoundMethod.php(37): Illuminate\\Container\\BoundMethod::callBoundMethod()
#23 /var/www/html/vendor/laravel/framework/src/Illuminate/Container/Container.php(653): Illuminate\\Container\\BoundMethod::call()
#24 /var/www/html/vendor/laravel/framework/src/Illuminate/Console/Command.php(136): Illuminate\\Container\\Container->call()
#25 /var/www/html/vendor/symfony/console/Command/Command.php(298): Illuminate\\Console\\Command->execute()
#26 /var/www/html/vendor/laravel/framework/src/Illuminate/Console/Command.php(121): Symfony\\Component\\Console\\Command\\Command->run()
#27 /var/www/html/vendor/symfony/console/Application.php(1040): Illuminate\\Console\\Command->run()
#28 /var/www/html/vendor/symfony/console/Application.php(301): Symfony\\Component\\Console\\Application->doRunCommand()
#29 /var/www/html/vendor/symfony/console/Application.php(171): Symfony\\Component\\Console\\Application->doRun()
#30 /var/www/html/vendor/laravel/framework/src/Illuminate/Console/Application.php(94): Symfony\\Component\\Console\\Application->run()
#31 /var/www/html/vendor/laravel/framework/src/Illuminate/Foundation/Console/Kernel.php(129): Illuminate\\Console\\Application->run()
#32 /var/www/html/artisan(37): Illuminate\\Foundation\\Console\\Kernel->handle()
#33 {main}

[previous exception] [object] (PDOException(code: 2002): SQLSTATE[HY000] [2002] Connection refused at /var/www/html/vendor/laravel/framework/src/Illuminate/Database/Connectors/Connector.php:70)
[stacktrace]
#0 /var/www/html/vendor/laravel/framework/src/Illuminate/Database/Connectors/Connector.php(70): PDO->__construct()
#1 /var/www/html/vendor/laravel/framework/src/Illuminate/Database/Connectors/Connector.php(100): Illuminate\\Database\\Connectors\\Connector->createPdoConnection()
#2 /var/www/html/vendor/laravel/framework/src/Illuminate/Database/Connectors/Connector.php(50): Illuminate\\Database\\Connectors\\Connector->tryAgainIfCausedByLostConnection()
#3 /var/www/html/vendor/laravel/framework/src/Illuminate/Database/Connectors/MySqlConnector.php(24): Illuminate\\Database\\Connectors\\Connector->createConnection()
#4 /var/www/html/vendor/laravel/framework/src/Illuminate/Database/Connectors/ConnectionFactory.php(184): Illuminate\\Database\\Connectors\\MySqlConnector->connect()
#5 [internal function]: Illuminate\\Database\\Connectors\\ConnectionFactory->Illuminate\\Database\\Connectors\\{closure}()
#6 /var/www/html/vendor/laravel/framework/src/Illuminate/Database/Connection.php(1064): call_user_func()
#7 /var/www/html/vendor/laravel/framework/src/Illuminate/Database/Connection.php(1100): Illuminate\\Database\\Connection->getPdo()
#8 /var/www/html/vendor/laravel/framework/src/Illuminate/Database/Connection.php(442): Illuminate\\Database\\Connection->getReadPdo()
#9 /var/www/html/vendor/laravel/framework/src/Illuminate/Database/Connection.php(368): Illuminate\\Database\\Connection->getPdoForSelect()
#10 /var/www/html/vendor/laravel/framework/src/Illuminate/Database/Connection.php(705): Illuminate\\Database\\Connection->Illuminate\\Database\\{closure}()
#11 /var/www/html/vendor/laravel/framework/src/Illuminate/Database/Connection.php(784): Illuminate\\Database\\Connection->runQueryCallback()
#12 /var/www/html/vendor/laravel/framework/src/Illuminate/Database/Connection.php(764): Illuminate\\Database\\Connection->tryAgainIfCausedByLostConnection()
#13 /var/www/html/vendor/laravel/framework/src/Illuminate/Database/Connection.php(675): Illuminate\\Database\\Connection->handleQueryException()
#14 /var/www/html/vendor/laravel/framework/src/Illuminate/Database/Connection.php(376): Illuminate\\Database\\Connection->run()
#15 /var/www/html/vendor/laravel/framework/src/Illuminate/Database/Schema/MySqlBuilder.php(125): Illuminate\\Database\\Connection->select()
#16 /var/www/html/vendor/laravel/framework/src/Illuminate/Database/Schema/MySqlBuilder.php(74): Illuminate\\Database\\Schema\\MySqlBuilder->getAllTables()
#17 /var/www/html/vendor/laravel/framework/src/Illuminate/Database/Console/WipeCommand.php(69): Illuminate\\Database\\Schema\\MySqlBuilder->dropAllTables()
#18 /var/www/html/vendor/laravel/framework/src/Illuminate/Database/Console/WipeCommand.php(46): Illuminate\\Database\\Console\\WipeCommand->dropAllTables()
#19 /var/www/html/vendor/laravel/framework/src/Illuminate/Container/BoundMethod.php(36): Illuminate\\Database\\Console\\WipeCommand->handle()
#20 /var/www/html/vendor/laravel/framework/src/Illuminate/Container/Util.php(40): Illuminate\\Container\\BoundMethod::Illuminate\\Container\\{closure}()
#21 /var/www/html/vendor/laravel/framework/src/Illuminate/Container/BoundMethod.php(93): Illuminate\\Container\\Util::unwrapIfClosure()
#22 /var/www/html/vendor/laravel/framework/src/Illuminate/Container/BoundMethod.php(37): Illuminate\\Container\\BoundMethod::callBoundMethod()
#23 /var/www/html/vendor/laravel/framework/src/Illuminate/Container/Container.php(653): Illuminate\\Container\\BoundMethod::call()
#24 /var/www/html/vendor/laravel/framework/src/Illuminate/Console/Command.php(136): Illuminate\\Container\\Container->call()
#25 /var/www/html/vendor/symfony/console/Command/Command.php(298): Illuminate\\Console\\Command->execute()
#26 /var/www/html/vendor/laravel/framework/src/Illuminate/Console/Command.php(121): Symfony\\Component\\Console\\Command\\Command->run()
#27 /var/www/html/vendor/laravel/framework/src/Illuminate/Console/Concerns/CallsCommands.php(68): Illuminate\\Console\\Command->run()
#28 /var/www/html/vendor/laravel/framework/src/Illuminate/Console/Concerns/CallsCommands.php(28): Illuminate\\Console\\Command->runCommand()
#29 /var/www/html/vendor/laravel/framework/src/Illuminate/Database/Console/Migrations/FreshCommand.php(43): Illuminate\\Console\\Command->call()
#30 /var/www/html/vendor/laravel/framework/src/Illuminate/Container/BoundMethod.php(36): Illuminate\\Database\\Console\\Migrations\\FreshCommand->handle()
#31 /var/www/html/vendor/laravel/framework/src/Illuminate/Container/Util.php(40): Illuminate\\Container\\BoundMethod::Illuminate\\Container\\{closure}()
#32 /var/www/html/vendor/laravel/framework/src/Illuminate/Container/BoundMethod.php(93): Illuminate\\Container\\Util::unwrapIfClosure()
#33 /var/www/html/vendor/laravel/framework/src/Illuminate/Container/BoundMethod.php(37): Illuminate\\Container\\BoundMethod::callBoundMethod()
#34 /var/www/html/vendor/laravel/framework/src/Illuminate/Container/Container.php(653): Illuminate\\Container\\BoundMethod::call()
#35 /var/www/html/vendor/laravel/framework/src/Illuminate/Console/Command.php(136): Illuminate\\Container\\Container->call()
#36 /var/www/html/vendor/symfony/console/Command/Command.php(298): Illuminate\\Console\\Command->execute()
#37 /var/www/html/vendor/laravel/framework/src/Illuminate/Console/Command.php(121): Symfony\\Component\\Console\\Command\\Command->run()
#38 /var/www/html/vendor/symfony/console/Application.php(1040): Illuminate\\Console\\Command->run()
#39 /var/www/html/vendor/symfony/console/Application.php(301): Symfony\\Component\\Console\\Application->doRunCommand()
#40 /var/www/html/vendor/symfony/console/Application.php(171): Symfony\\Component\\Console\\Application->doRun()
#41 /var/www/html/vendor/laravel/framework/src/Illuminate/Console/Application.php(94): Symfony\\Component\\Console\\Application->run()
#42 /var/www/html/vendor/laravel/framework/src/Illuminate/Foundation/Console/Kernel.php(129): Illuminate\\Console\\Application->run()
#43 /var/www/html/artisan(37): Illuminate\\Foundation\\Console\\Kernel->handle()
#44 {main}
"} 
[2023-01-13 09:25:42] local.ERROR: SQLSTATE[HY000] [1045] Access denied for user 'root'@'172.18.0.3' (using password: NO) (SQL: SHOW FULL TABLES WHERE table_type = 'BASE TABLE') {"exception":"[object] (Illuminate\\Database\\QueryException(code: 1045): SQLSTATE[HY000] [1045] Access denied for user 'root'@'172.18.0.3' (using password: NO) (SQL: SHOW FULL TABLES WHERE table_type = 'BASE TABLE') at /var/www/html/vendor/laravel/framework/src/Illuminate/Database/Connection.php:712)
[stacktrace]
#0 /var/www/html/vendor/laravel/framework/src/Illuminate/Database/Connection.php(672): Illuminate\\Database\\Connection->runQueryCallback()
#1 /var/www/html/vendor/laravel/framework/src/Illuminate/Database/Connection.php(376): Illuminate\\Database\\Connection->run()
#2 /var/www/html/vendor/laravel/framework/src/Illuminate/Database/Schema/MySqlBuilder.php(125): Illuminate\\Database\\Connection->select()
#3 /var/www/html/vendor/laravel/framework/src/Illuminate/Database/Schema/MySqlBuilder.php(74): Illuminate\\Database\\Schema\\MySqlBuilder->getAllTables()
#4 /var/www/html/vendor/laravel/framework/src/Illuminate/Database/Console/WipeCommand.php(69): Illuminate\\Database\\Schema\\MySqlBuilder->dropAllTables()
#5 /var/www/html/vendor/laravel/framework/src/Illuminate/Database/Console/WipeCommand.php(46): Illuminate\\Database\\Console\\WipeCommand->dropAllTables()
#6 /var/www/html/vendor/laravel/framework/src/Illuminate/Container/BoundMethod.php(36): Illuminate\\Database\\Console\\WipeCommand->handle()
#7 /var/www/html/vendor/laravel/framework/src/Illuminate/Container/Util.php(40): Illuminate\\Container\\BoundMethod::Illuminate\\Container\\{closure}()
#8 /var/www/html/vendor/laravel/framework/src/Illuminate/Container/BoundMethod.php(93): Illuminate\\Container\\Util::unwrapIfClosure()
#9 /var/www/html/vendor/laravel/framework/src/Illuminate/Container/BoundMethod.php(37): Illuminate\\Container\\BoundMethod::callBoundMethod()
#10 /var/www/html/vendor/laravel/framework/src/Illuminate/Container/Container.php(653): Illuminate\\Container\\BoundMethod::call()
#11 /var/www/html/vendor/laravel/framework/src/Illuminate/Console/Command.php(136): Illuminate\\Container\\Container->call()
#12 /var/www/html/vendor/symfony/console/Command/Command.php(298): Illuminate\\Console\\Command->execute()
#13 /var/www/html/vendor/laravel/framework/src/Illuminate/Console/Command.php(121): Symfony\\Component\\Console\\Command\\Command->run()
#14 /var/www/html/vendor/laravel/framework/src/Illuminate/Console/Concerns/CallsCommands.php(68): Illuminate\\Console\\Command->run()
#15 /var/www/html/vendor/laravel/framework/src/Illuminate/Console/Concerns/CallsCommands.php(28): Illuminate\\Console\\Command->runCommand()
#16 /var/www/html/vendor/laravel/framework/src/Illuminate/Database/Console/Migrations/FreshCommand.php(43): Illuminate\\Console\\Command->call()
#17 /var/www/html/vendor/laravel/framework/src/Illuminate/Container/BoundMethod.php(36): Illuminate\\Database\\Console\\Migrations\\FreshCommand->handle()
#18 /var/www/html/vendor/laravel/framework/src/Illuminate/Container/Util.php(40): Illuminate\\Container\\BoundMethod::Illuminate\\Container\\{closure}()
#19 /var/www/html/vendor/laravel/framework/src/Illuminate/Container/BoundMethod.php(93): Illuminate\\Container\\Util::unwrapIfClosure()
#20 /var/www/html/vendor/laravel/framework/src/Illuminate/Container/BoundMethod.php(37): Illuminate\\Container\\BoundMethod::callBoundMethod()
#21 /var/www/html/vendor/laravel/framework/src/Illuminate/Container/Container.php(653): Illuminate\\Container\\BoundMethod::call()
#22 /var/www/html/vendor/laravel/framework/src/Illuminate/Console/Command.php(136): Illuminate\\Container\\Container->call()
#23 /var/www/html/vendor/symfony/console/Command/Command.php(298): Illuminate\\Console\\Command->execute()
#24 /var/www/html/vendor/laravel/framework/src/Illuminate/Console/Command.php(121): Symfony\\Component\\Console\\Command\\Command->run()
#25 /var/www/html/vendor/symfony/console/Application.php(1040): Illuminate\\Console\\Command->run()
#26 /var/www/html/vendor/symfony/console/Application.php(301): Symfony\\Component\\Console\\Application->doRunCommand()
#27 /var/www/html/vendor/symfony/console/Application.php(171): Symfony\\Component\\Console\\Application->doRun()
#28 /var/www/html/vendor/laravel/framework/src/Illuminate/Console/Application.php(94): Symfony\\Component\\Console\\Application->run()
#29 /var/www/html/vendor/laravel/framework/src/Illuminate/Foundation/Console/Kernel.php(129): Illuminate\\Console\\Application->run()
#30 /var/www/html/artisan(37): Illuminate\\Foundation\\Console\\Kernel->handle()
#31 {main}

[previous exception] [object] (PDOException(code: 1045): SQLSTATE[HY000] [1045] Access denied for user 'root'@'172.18.0.3' (using password: NO) at /var/www/html/vendor/laravel/framework/src/Illuminate/Database/Connectors/Connector.php:70)
[stacktrace]
#0 /var/www/html/vendor/laravel/framework/src/Illuminate/Database/Connectors/Connector.php(70): PDO->__construct()
#1 /var/www/html/vendor/laravel/framework/src/Illuminate/Database/Connectors/Connector.php(46): Illuminate\\Database\\Connectors\\Connector->createPdoConnection()
#2 /var/www/html/vendor/laravel/framework/src/Illuminate/Database/Connectors/MySqlConnector.php(24): Illuminate\\Database\\Connectors\\Connector->createConnection()
#3 /var/www/html/vendor/laravel/framework/src/Illuminate/Database/Connectors/ConnectionFactory.php(184): Illuminate\\Database\\Connectors\\MySqlConnector->connect()
#4 [internal function]: Illuminate\\Database\\Connectors\\ConnectionFactory->Illuminate\\Database\\Connectors\\{closure}()
#5 /var/www/html/vendor/laravel/framework/src/Illuminate/Database/Connection.php(1064): call_user_func()
#6 /var/www/html/vendor/laravel/framework/src/Illuminate/Database/Connection.php(1100): Illuminate\\Database\\Connection->getPdo()
#7 /var/www/html/vendor/laravel/framework/src/Illuminate/Database/Connection.php(442): Illuminate\\Database\\Connection->getReadPdo()
#8 /var/www/html/vendor/laravel/framework/src/Illuminate/Database/Connection.php(368): Illuminate\\Database\\Connection->getPdoForSelect()
#9 /var/www/html/vendor/laravel/framework/src/Illuminate/Database/Connection.php(705): Illuminate\\Database\\Connection->Illuminate\\Database\\{closure}()
#10 /var/www/html/vendor/laravel/framework/src/Illuminate/Database/Connection.php(672): Illuminate\\Database\\Connection->runQueryCallback()
#11 /var/www/html/vendor/laravel/framework/src/Illuminate/Database/Connection.php(376): Illuminate\\Database\\Connection->run()
#12 /var/www/html/vendor/laravel/framework/src/Illuminate/Database/Schema/MySqlBuilder.php(125): Illuminate\\Database\\Connection->select()
#13 /var/www/html/vendor/laravel/framework/src/Illuminate/Database/Schema/MySqlBuilder.php(74): Illuminate\\Database\\Schema\\MySqlBuilder->getAllTables()
#14 /var/www/html/vendor/laravel/framework/src/Illuminate/Database/Console/WipeCommand.php(69): Illuminate\\Database\\Schema\\MySqlBuilder->dropAllTables()
#15 /var/www/html/vendor/laravel/framework/src/Illuminate/Database/Console/WipeCommand.php(46): Illuminate\\Database\\Console\\WipeCommand->dropAllTables()
#16 /var/www/html/vendor/laravel/framework/src/Illuminate/Container/BoundMethod.php(36): Illuminate\\Database\\Console\\WipeCommand->handle()
#17 /var/www/html/vendor/laravel/framework/src/Illuminate/Container/Util.php(40): Illuminate\\Container\\BoundMethod::Illuminate\\Container\\{closure}()
#18 /var/www/html/vendor/laravel/framework/src/Illuminate/Container/BoundMethod.php(93): Illuminate\\Container\\Util::unwrapIfClosure()
#19 /var/www/html/vendor/laravel/framework/src/Illuminate/Container/BoundMethod.php(37): Illuminate\\Container\\BoundMethod::callBoundMethod()
#20 /var/www/html/vendor/laravel/framework/src/Illuminate/Container/Container.php(653): Illuminate\\Container\\BoundMethod::call()
#21 /var/www/html/vendor/laravel/framework/src/Illuminate/Console/Command.php(136): Illuminate\\Container\\Container->call()
#22 /var/www/html/vendor/symfony/console/Command/Command.php(298): Illuminate\\Console\\Command->execute()
#23 /var/www/html/vendor/laravel/framework/src/Illuminate/Console/Command.php(121): Symfony\\Component\\Console\\Command\\Command->run()
#24 /var/www/html/vendor/laravel/framework/src/Illuminate/Console/Concerns/CallsCommands.php(68): Illuminate\\Console\\Command->run()
#25 /var/www/html/vendor/laravel/framework/src/Illuminate/Console/Concerns/CallsCommands.php(28): Illuminate\\Console\\Command->runCommand()
#26 /var/www/html/vendor/laravel/framework/src/Illuminate/Database/Console/Migrations/FreshCommand.php(43): Illuminate\\Console\\Command->call()
#27 /var/www/html/vendor/laravel/framework/src/Illuminate/Container/BoundMethod.php(36): Illuminate\\Database\\Console\\Migrations\\FreshCommand->handle()
#28 /var/www/html/vendor/laravel/framework/src/Illuminate/Container/Util.php(40): Illuminate\\Container\\BoundMethod::Illuminate\\Container\\{closure}()
#29 /var/www/html/vendor/laravel/framework/src/Illuminate/Container/BoundMethod.php(93): Illuminate\\Container\\Util::unwrapIfClosure()
#30 /var/www/html/vendor/laravel/framework/src/Illuminate/Container/BoundMethod.php(37): Illuminate\\Container\\BoundMethod::callBoundMethod()
#31 /var/www/html/vendor/laravel/framework/src/Illuminate/Container/Container.php(653): Illuminate\\Container\\BoundMethod::call()
#32 /var/www/html/vendor/laravel/framework/src/Illuminate/Console/Command.php(136): Illuminate\\Container\\Container->call()
#33 /var/www/html/vendor/symfony/console/Command/Command.php(298): Illuminate\\Console\\Command->execute()
#34 /var/www/html/vendor/laravel/framework/src/Illuminate/Console/Command.php(121): Symfony\\Component\\Console\\Command\\Command->run()
#35 /var/www/html/vendor/symfony/console/Application.php(1040): Illuminate\\Console\\Command->run()
#36 /var/www/html/vendor/symfony/console/Application.php(301): Symfony\\Component\\Console\\Application->doRunCommand()
#37 /var/www/html/vendor/symfony/console/Application.php(171): Symfony\\Component\\Console\\Application->doRun()
#38 /var/www/html/vendor/laravel/framework/src/Illuminate/Console/Application.php(94): Symfony\\Component\\Console\\Application->run()
#39 /var/www/html/vendor/laravel/framework/src/Illuminate/Foundation/Console/Kernel.php(129): Illuminate\\Console\\Application->run()
#40 /var/www/html/artisan(37): Illuminate\\Foundation\\Console\\Kernel->handle()
#41 {main}
"} 
[2023-01-13 09:28:34] local.ERROR: SQLSTATE[HY000] [1045] Access denied for user 'root'@'172.18.0.3' (using password: NO) (SQL: SHOW FULL TABLES WHERE table_type = 'BASE TABLE') {"exception":"[object] (Illuminate\\Database\\QueryException(code: 1045): SQLSTATE[HY000] [1045] Access denied for user 'root'@'172.18.0.3' (using password: NO) (SQL: SHOW FULL TABLES WHERE table_type = 'BASE TABLE') at /var/www/html/vendor/laravel/framework/src/Illuminate/Database/Connection.php:712)
[stacktrace]
#0 /var/www/html/vendor/laravel/framework/src/Illuminate/Database/Connection.php(672): Illuminate\\Database\\Connection->runQueryCallback()
#1 /var/www/html/vendor/laravel/framework/src/Illuminate/Database/Connection.php(376): Illuminate\\Database\\Connection->run()
#2 /var/www/html/vendor/laravel/framework/src/Illuminate/Database/Schema/MySqlBuilder.php(125): Illuminate\\Database\\Connection->select()
#3 /var/www/html/vendor/laravel/framework/src/Illuminate/Database/Schema/MySqlBuilder.php(74): Illuminate\\Database\\Schema\\MySqlBuilder->getAllTables()
#4 /var/www/html/vendor/laravel/framework/src/Illuminate/Database/Console/WipeCommand.php(69): Illuminate\\Database\\Schema\\MySqlBuilder->dropAllTables()
#5 /var/www/html/vendor/laravel/framework/src/Illuminate/Database/Console/WipeCommand.php(46): Illuminate\\Database\\Console\\WipeCommand->dropAllTables()
#6 /var/www/html/vendor/laravel/framework/src/Illuminate/Container/BoundMethod.php(36): Illuminate\\Database\\Console\\WipeCommand->handle()
#7 /var/www/html/vendor/laravel/framework/src/Illuminate/Container/Util.php(40): Illuminate\\Container\\BoundMethod::Illuminate\\Container\\{closure}()
#8 /var/www/html/vendor/laravel/framework/src/Illuminate/Container/BoundMethod.php(93): Illuminate\\Container\\Util::unwrapIfClosure()
#9 /var/www/html/vendor/laravel/framework/src/Illuminate/Container/BoundMethod.php(37): Illuminate\\Container\\BoundMethod::callBoundMethod()
#10 /var/www/html/vendor/laravel/framework/src/Illuminate/Container/Container.php(653): Illuminate\\Container\\BoundMethod::call()
#11 /var/www/html/vendor/laravel/framework/src/Illuminate/Console/Command.php(136): Illuminate\\Container\\Container->call()
#12 /var/www/html/vendor/symfony/console/Command/Command.php(298): Illuminate\\Console\\Command->execute()
#13 /var/www/html/vendor/laravel/framework/src/Illuminate/Console/Command.php(121): Symfony\\Component\\Console\\Command\\Command->run()
#14 /var/www/html/vendor/laravel/framework/src/Illuminate/Console/Concerns/CallsCommands.php(68): Illuminate\\Console\\Command->run()
#15 /var/www/html/vendor/laravel/framework/src/Illuminate/Console/Concerns/CallsCommands.php(28): Illuminate\\Console\\Command->runCommand()
#16 /var/www/html/vendor/laravel/framework/src/Illuminate/Database/Console/Migrations/FreshCommand.php(43): Illuminate\\Console\\Command->call()
#17 /var/www/html/vendor/laravel/framework/src/Illuminate/Container/BoundMethod.php(36): Illuminate\\Database\\Console\\Migrations\\FreshCommand->handle()
#18 /var/www/html/vendor/laravel/framework/src/Illuminate/Container/Util.php(40): Illuminate\\Container\\BoundMethod::Illuminate\\Container\\{closure}()
#19 /var/www/html/vendor/laravel/framework/src/Illuminate/Container/BoundMethod.php(93): Illuminate\\Container\\Util::unwrapIfClosure()
#20 /var/www/html/vendor/laravel/framework/src/Illuminate/Container/BoundMethod.php(37): Illuminate\\Container\\BoundMethod::callBoundMethod()
#21 /var/www/html/vendor/laravel/framework/src/Illuminate/Container/Container.php(653): Illuminate\\Container\\BoundMethod::call()
#22 /var/www/html/vendor/laravel/framework/src/Illuminate/Console/Command.php(136): Illuminate\\Container\\Container->call()
#23 /var/www/html/vendor/symfony/console/Command/Command.php(298): Illuminate\\Console\\Command->execute()
#24 /var/www/html/vendor/laravel/framework/src/Illuminate/Console/Command.php(121): Symfony\\Component\\Console\\Command\\Command->run()
#25 /var/www/html/vendor/symfony/console/Application.php(1040): Illuminate\\Console\\Command->run()
#26 /var/www/html/vendor/symfony/console/Application.php(301): Symfony\\Component\\Console\\Application->doRunCommand()
#27 /var/www/html/vendor/symfony/console/Application.php(171): Symfony\\Component\\Console\\Application->doRun()
#28 /var/www/html/vendor/laravel/framework/src/Illuminate/Console/Application.php(94): Symfony\\Component\\Console\\Application->run()
#29 /var/www/html/vendor/laravel/framework/src/Illuminate/Foundation/Console/Kernel.php(129): Illuminate\\Console\\Application->run()
#30 /var/www/html/artisan(37): Illuminate\\Foundation\\Console\\Kernel->handle()
#31 {main}

[previous exception] [object] (PDOException(code: 1045): SQLSTATE[HY000] [1045] Access denied for user 'root'@'172.18.0.3' (using password: NO) at /var/www/html/vendor/laravel/framework/src/Illuminate/Database/Connectors/Connector.php:70)
[stacktrace]
#0 /var/www/html/vendor/laravel/framework/src/Illuminate/Database/Connectors/Connector.php(70): PDO->__construct()
#1 /var/www/html/vendor/laravel/framework/src/Illuminate/Database/Connectors/Connector.php(46): Illuminate\\Database\\Connectors\\Connector->createPdoConnection()
#2 /var/www/html/vendor/laravel/framework/src/Illuminate/Database/Connectors/MySqlConnector.php(24): Illuminate\\Database\\Connectors\\Connector->createConnection()
#3 /var/www/html/vendor/laravel/framework/src/Illuminate/Database/Connectors/ConnectionFactory.php(184): Illuminate\\Database\\Connectors\\MySqlConnector->connect()
#4 [internal function]: Illuminate\\Database\\Connectors\\ConnectionFactory->Illuminate\\Database\\Connectors\\{closure}()
#5 /var/www/html/vendor/laravel/framework/src/Illuminate/Database/Connection.php(1064): call_user_func()
#6 /var/www/html/vendor/laravel/framework/src/Illuminate/Database/Connection.php(1100): Illuminate\\Database\\Connection->getPdo()
#7 /var/www/html/vendor/laravel/framework/src/Illuminate/Database/Connection.php(442): Illuminate\\Database\\Connection->getReadPdo()
#8 /var/www/html/vendor/laravel/framework/src/Illuminate/Database/Connection.php(368): Illuminate\\Database\\Connection->getPdoForSelect()
#9 /var/www/html/vendor/laravel/framework/src/Illuminate/Database/Connection.php(705): Illuminate\\Database\\Connection->Illuminate\\Database\\{closure}()
#10 /var/www/html/vendor/laravel/framework/src/Illuminate/Database/Connection.php(672): Illuminate\\Database\\Connection->runQueryCallback()
#11 /var/www/html/vendor/laravel/framework/src/Illuminate/Database/Connection.php(376): Illuminate\\Database\\Connection->run()
#12 /var/www/html/vendor/laravel/framework/src/Illuminate/Database/Schema/MySqlBuilder.php(125): Illuminate\\Database\\Connection->select()
#13 /var/www/html/vendor/laravel/framework/src/Illuminate/Database/Schema/MySqlBuilder.php(74): Illuminate\\Database\\Schema\\MySqlBuilder->getAllTables()
#14 /var/www/html/vendor/laravel/framework/src/Illuminate/Database/Console/WipeCommand.php(69): Illuminate\\Database\\Schema\\MySqlBuilder->dropAllTables()
#15 /var/www/html/vendor/laravel/framework/src/Illuminate/Database/Console/WipeCommand.php(46): Illuminate\\Database\\Console\\WipeCommand->dropAllTables()
#16 /var/www/html/vendor/laravel/framework/src/Illuminate/Container/BoundMethod.php(36): Illuminate\\Database\\Console\\WipeCommand->handle()
#17 /var/www/html/vendor/laravel/framework/src/Illuminate/Container/Util.php(40): Illuminate\\Container\\BoundMethod::Illuminate\\Container\\{closure}()
#18 /var/www/html/vendor/laravel/framework/src/Illuminate/Container/BoundMethod.php(93): Illuminate\\Container\\Util::unwrapIfClosure()
#19 /var/www/html/vendor/laravel/framework/src/Illuminate/Container/BoundMethod.php(37): Illuminate\\Container\\BoundMethod::callBoundMethod()
#20 /var/www/html/vendor/laravel/framework/src/Illuminate/Container/Container.php(653): Illuminate\\Container\\BoundMethod::call()
#21 /var/www/html/vendor/laravel/framework/src/Illuminate/Console/Command.php(136): Illuminate\\Container\\Container->call()
#22 /var/www/html/vendor/symfony/console/Command/Command.php(298): Illuminate\\Console\\Command->execute()
#23 /var/www/html/vendor/laravel/framework/src/Illuminate/Console/Command.php(121): Symfony\\Component\\Console\\Command\\Command->run()
#24 /var/www/html/vendor/laravel/framework/src/Illuminate/Console/Concerns/CallsCommands.php(68): Illuminate\\Console\\Command->run()
#25 /var/www/html/vendor/laravel/framework/src/Illuminate/Console/Concerns/CallsCommands.php(28): Illuminate\\Console\\Command->runCommand()
#26 /var/www/html/vendor/laravel/framework/src/Illuminate/Database/Console/Migrations/FreshCommand.php(43): Illuminate\\Console\\Command->call()
#27 /var/www/html/vendor/laravel/framework/src/Illuminate/Container/BoundMethod.php(36): Illuminate\\Database\\Console\\Migrations\\FreshCommand->handle()
#28 /var/www/html/vendor/laravel/framework/src/Illuminate/Container/Util.php(40): Illuminate\\Container\\BoundMethod::Illuminate\\Container\\{closure}()
#29 /var/www/html/vendor/laravel/framework/src/Illuminate/Container/BoundMethod.php(93): Illuminate\\Container\\Util::unwrapIfClosure()
#30 /var/www/html/vendor/laravel/framework/src/Illuminate/Container/BoundMethod.php(37): Illuminate\\Container\\BoundMethod::callBoundMethod()
#31 /var/www/html/vendor/laravel/framework/src/Illuminate/Container/Container.php(653): Illuminate\\Container\\BoundMethod::call()
#32 /var/www/html/vendor/laravel/framework/src/Illuminate/Console/Command.php(136): Illuminate\\Container\\Container->call()
#33 /var/www/html/vendor/symfony/console/Command/Command.php(298): Illuminate\\Console\\Command->execute()
#34 /var/www/html/vendor/laravel/framework/src/Illuminate/Console/Command.php(121): Symfony\\Component\\Console\\Command\\Command->run()
#35 /var/www/html/vendor/symfony/console/Application.php(1040): Illuminate\\Console\\Command->run()
#36 /var/www/html/vendor/symfony/console/Application.php(301): Symfony\\Component\\Console\\Application->doRunCommand()
#37 /var/www/html/vendor/symfony/console/Application.php(171): Symfony\\Component\\Console\\Application->doRun()
#38 /var/www/html/vendor/laravel/framework/src/Illuminate/Console/Application.php(94): Symfony\\Component\\Console\\Application->run()
#39 /var/www/html/vendor/laravel/framework/src/Illuminate/Foundation/Console/Kernel.php(129): Illuminate\\Console\\Application->run()
#40 /var/www/html/artisan(37): Illuminate\\Foundation\\Console\\Kernel->handle()
#41 {main}
"} 
[2023-01-13 09:31:53] local.ERROR: SQLSTATE[HY000] [1045] Access denied for user 'root'@'172.18.0.3' (using password: NO) (SQL: SHOW FULL TABLES WHERE table_type = 'BASE TABLE') {"exception":"[object] (Illuminate\\Database\\QueryException(code: 1045): SQLSTATE[HY000] [1045] Access denied for user 'root'@'172.18.0.3' (using password: NO) (SQL: SHOW FULL TABLES WHERE table_type = 'BASE TABLE') at /var/www/html/vendor/laravel/framework/src/Illuminate/Database/Connection.php:712)
[stacktrace]
#0 /var/www/html/vendor/laravel/framework/src/Illuminate/Database/Connection.php(672): Illuminate\\Database\\Connection->runQueryCallback()
#1 /var/www/html/vendor/laravel/framework/src/Illuminate/Database/Connection.php(376): Illuminate\\Database\\Connection->run()
#2 /var/www/html/vendor/laravel/framework/src/Illuminate/Database/Schema/MySqlBuilder.php(125): Illuminate\\Database\\Connection->select()
#3 /var/www/html/vendor/laravel/framework/src/Illuminate/Database/Schema/MySqlBuilder.php(74): Illuminate\\Database\\Schema\\MySqlBuilder->getAllTables()
#4 /var/www/html/vendor/laravel/framework/src/Illuminate/Database/Console/WipeCommand.php(69): Illuminate\\Database\\Schema\\MySqlBuilder->dropAllTables()
#5 /var/www/html/vendor/laravel/framework/src/Illuminate/Database/Console/WipeCommand.php(46): Illuminate\\Database\\Console\\WipeCommand->dropAllTables()
#6 /var/www/html/vendor/laravel/framework/src/Illuminate/Container/BoundMethod.php(36): Illuminate\\Database\\Console\\WipeCommand->handle()
#7 /var/www/html/vendor/laravel/framework/src/Illuminate/Container/Util.php(40): Illuminate\\Container\\BoundMethod::Illuminate\\Container\\{closure}()
#8 /var/www/html/vendor/laravel/framework/src/Illuminate/Container/BoundMethod.php(93): Illuminate\\Container\\Util::unwrapIfClosure()
#9 /var/www/html/vendor/laravel/framework/src/Illuminate/Container/BoundMethod.php(37): Illuminate\\Container\\BoundMethod::callBoundMethod()
#10 /var/www/html/vendor/laravel/framework/src/Illuminate/Container/Container.php(653): Illuminate\\Container\\BoundMethod::call()
#11 /var/www/html/vendor/laravel/framework/src/Illuminate/Console/Command.php(136): Illuminate\\Container\\Container->call()
#12 /var/www/html/vendor/symfony/console/Command/Command.php(298): Illuminate\\Console\\Command->execute()
#13 /var/www/html/vendor/laravel/framework/src/Illuminate/Console/Command.php(121): Symfony\\Component\\Console\\Command\\Command->run()
#14 /var/www/html/vendor/laravel/framework/src/Illuminate/Console/Concerns/CallsCommands.php(68): Illuminate\\Console\\Command->run()
#15 /var/www/html/vendor/laravel/framework/src/Illuminate/Console/Concerns/CallsCommands.php(28): Illuminate\\Console\\Command->runCommand()
#16 /var/www/html/vendor/laravel/framework/src/Illuminate/Database/Console/Migrations/FreshCommand.php(43): Illuminate\\Console\\Command->call()
#17 /var/www/html/vendor/laravel/framework/src/Illuminate/Container/BoundMethod.php(36): Illuminate\\Database\\Console\\Migrations\\FreshCommand->handle()
#18 /var/www/html/vendor/laravel/framework/src/Illuminate/Container/Util.php(40): Illuminate\\Container\\BoundMethod::Illuminate\\Container\\{closure}()
#19 /var/www/html/vendor/laravel/framework/src/Illuminate/Container/BoundMethod.php(93): Illuminate\\Container\\Util::unwrapIfClosure()
#20 /var/www/html/vendor/laravel/framework/src/Illuminate/Container/BoundMethod.php(37): Illuminate\\Container\\BoundMethod::callBoundMethod()
#21 /var/www/html/vendor/laravel/framework/src/Illuminate/Container/Container.php(653): Illuminate\\Container\\BoundMethod::call()
#22 /var/www/html/vendor/laravel/framework/src/Illuminate/Console/Command.php(136): Illuminate\\Container\\Container->call()
#23 /var/www/html/vendor/symfony/console/Command/Command.php(298): Illuminate\\Console\\Command->execute()
#24 /var/www/html/vendor/laravel/framework/src/Illuminate/Console/Command.php(121): Symfony\\Component\\Console\\Command\\Command->run()
#25 /var/www/html/vendor/symfony/console/Application.php(1040): Illuminate\\Console\\Command->run()
#26 /var/www/html/vendor/symfony/console/Application.php(301): Symfony\\Component\\Console\\Application->doRunCommand()
#27 /var/www/html/vendor/symfony/console/Application.php(171): Symfony\\Component\\Console\\Application->doRun()
#28 /var/www/html/vendor/laravel/framework/src/Illuminate/Console/Application.php(94): Symfony\\Component\\Console\\Application->run()
#29 /var/www/html/vendor/laravel/framework/src/Illuminate/Foundation/Console/Kernel.php(129): Illuminate\\Console\\Application->run()
#30 /var/www/html/artisan(37): Illuminate\\Foundation\\Console\\Kernel->handle()
#31 {main}

[previous exception] [object] (PDOException(code: 1045): SQLSTATE[HY000] [1045] Access denied for user 'root'@'172.18.0.3' (using password: NO) at /var/www/html/vendor/laravel/framework/src/Illuminate/Database/Connectors/Connector.php:70)
[stacktrace]
#0 /var/www/html/vendor/laravel/framework/src/Illuminate/Database/Connectors/Connector.php(70): PDO->__construct()
#1 /var/www/html/vendor/laravel/framework/src/Illuminate/Database/Connectors/Connector.php(46): Illuminate\\Database\\Connectors\\Connector->createPdoConnection()
#2 /var/www/html/vendor/laravel/framework/src/Illuminate/Database/Connectors/MySqlConnector.php(24): Illuminate\\Database\\Connectors\\Connector->createConnection()
#3 /var/www/html/vendor/laravel/framework/src/Illuminate/Database/Connectors/ConnectionFactory.php(184): Illuminate\\Database\\Connectors\\MySqlConnector->connect()
#4 [internal function]: Illuminate\\Database\\Connectors\\ConnectionFactory->Illuminate\\Database\\Connectors\\{closure}()
#5 /var/www/html/vendor/laravel/framework/src/Illuminate/Database/Connection.php(1064): call_user_func()
#6 /var/www/html/vendor/laravel/framework/src/Illuminate/Database/Connection.php(1100): Illuminate\\Database\\Connection->getPdo()
#7 /var/www/html/vendor/laravel/framework/src/Illuminate/Database/Connection.php(442): Illuminate\\Database\\Connection->getReadPdo()
#8 /var/www/html/vendor/laravel/framework/src/Illuminate/Database/Connection.php(368): Illuminate\\Database\\Connection->getPdoForSelect()
#9 /var/www/html/vendor/laravel/framework/src/Illuminate/Database/Connection.php(705): Illuminate\\Database\\Connection->Illuminate\\Database\\{closure}()
#10 /var/www/html/vendor/laravel/framework/src/Illuminate/Database/Connection.php(672): Illuminate\\Database\\Connection->runQueryCallback()
#11 /var/www/html/vendor/laravel/framework/src/Illuminate/Database/Connection.php(376): Illuminate\\Database\\Connection->run()
#12 /var/www/html/vendor/laravel/framework/src/Illuminate/Database/Schema/MySqlBuilder.php(125): Illuminate\\Database\\Connection->select()
#13 /var/www/html/vendor/laravel/framework/src/Illuminate/Database/Schema/MySqlBuilder.php(74): Illuminate\\Database\\Schema\\MySqlBuilder->getAllTables()
#14 /var/www/html/vendor/laravel/framework/src/Illuminate/Database/Console/WipeCommand.php(69): Illuminate\\Database\\Schema\\MySqlBuilder->dropAllTables()
#15 /var/www/html/vendor/laravel/framework/src/Illuminate/Database/Console/WipeCommand.php(46): Illuminate\\Database\\Console\\WipeCommand->dropAllTables()
#16 /var/www/html/vendor/laravel/framework/src/Illuminate/Container/BoundMethod.php(36): Illuminate\\Database\\Console\\WipeCommand->handle()
#17 /var/www/html/vendor/laravel/framework/src/Illuminate/Container/Util.php(40): Illuminate\\Container\\BoundMethod::Illuminate\\Container\\{closure}()
#18 /var/www/html/vendor/laravel/framework/src/Illuminate/Container/BoundMethod.php(93): Illuminate\\Container\\Util::unwrapIfClosure()
#19 /var/www/html/vendor/laravel/framework/src/Illuminate/Container/BoundMethod.php(37): Illuminate\\Container\\BoundMethod::callBoundMethod()
#20 /var/www/html/vendor/laravel/framework/src/Illuminate/Container/Container.php(653): Illuminate\\Container\\BoundMethod::call()
#21 /var/www/html/vendor/laravel/framework/src/Illuminate/Console/Command.php(136): Illuminate\\Container\\Container->call()
#22 /var/www/html/vendor/symfony/console/Command/Command.php(298): Illuminate\\Console\\Command->execute()
#23 /var/www/html/vendor/laravel/framework/src/Illuminate/Console/Command.php(121): Symfony\\Component\\Console\\Command\\Command->run()
#24 /var/www/html/vendor/laravel/framework/src/Illuminate/Console/Concerns/CallsCommands.php(68): Illuminate\\Console\\Command->run()
#25 /var/www/html/vendor/laravel/framework/src/Illuminate/Console/Concerns/CallsCommands.php(28): Illuminate\\Console\\Command->runCommand()
#26 /var/www/html/vendor/laravel/framework/src/Illuminate/Database/Console/Migrations/FreshCommand.php(43): Illuminate\\Console\\Command->call()
#27 /var/www/html/vendor/laravel/framework/src/Illuminate/Container/BoundMethod.php(36): Illuminate\\Database\\Console\\Migrations\\FreshCommand->handle()
#28 /var/www/html/vendor/laravel/framework/src/Illuminate/Container/Util.php(40): Illuminate\\Container\\BoundMethod::Illuminate\\Container\\{closure}()
#29 /var/www/html/vendor/laravel/framework/src/Illuminate/Container/BoundMethod.php(93): Illuminate\\Container\\Util::unwrapIfClosure()
#30 /var/www/html/vendor/laravel/framework/src/Illuminate/Container/BoundMethod.php(37): Illuminate\\Container\\BoundMethod::callBoundMethod()
#31 /var/www/html/vendor/laravel/framework/src/Illuminate/Container/Container.php(653): Illuminate\\Container\\BoundMethod::call()
#32 /var/www/html/vendor/laravel/framework/src/Illuminate/Console/Command.php(136): Illuminate\\Container\\Container->call()
#33 /var/www/html/vendor/symfony/console/Command/Command.php(298): Illuminate\\Console\\Command->execute()
#34 /var/www/html/vendor/laravel/framework/src/Illuminate/Console/Command.php(121): Symfony\\Component\\Console\\Command\\Command->run()
#35 /var/www/html/vendor/symfony/console/Application.php(1040): Illuminate\\Console\\Command->run()
#36 /var/www/html/vendor/symfony/console/Application.php(301): Symfony\\Component\\Console\\Application->doRunCommand()
#37 /var/www/html/vendor/symfony/console/Application.php(171): Symfony\\Component\\Console\\Application->doRun()
#38 /var/www/html/vendor/laravel/framework/src/Illuminate/Console/Application.php(94): Symfony\\Component\\Console\\Application->run()
#39 /var/www/html/vendor/laravel/framework/src/Illuminate/Foundation/Console/Kernel.php(129): Illuminate\\Console\\Application->run()
#40 /var/www/html/artisan(37): Illuminate\\Foundation\\Console\\Kernel->handle()
#41 {main}
"} 
[2023-01-13 09:32:30] local.ERROR: SQLSTATE[HY000] [2002] No such file or directory (SQL: SHOW FULL TABLES WHERE table_type = 'BASE TABLE') {"exception":"[object] (Illuminate\\Database\\QueryException(code: 2002): SQLSTATE[HY000] [2002] No such file or directory (SQL: SHOW FULL TABLES WHERE table_type = 'BASE TABLE') at /var/www/html/vendor/laravel/framework/src/Illuminate/Database/Connection.php:712)
[stacktrace]
#0 /var/www/html/vendor/laravel/framework/src/Illuminate/Database/Connection.php(672): Illuminate\\Database\\Connection->runQueryCallback()
#1 /var/www/html/vendor/laravel/framework/src/Illuminate/Database/Connection.php(376): Illuminate\\Database\\Connection->run()
#2 /var/www/html/vendor/laravel/framework/src/Illuminate/Database/Schema/MySqlBuilder.php(125): Illuminate\\Database\\Connection->select()
#3 /var/www/html/vendor/laravel/framework/src/Illuminate/Database/Schema/MySqlBuilder.php(74): Illuminate\\Database\\Schema\\MySqlBuilder->getAllTables()
#4 /var/www/html/vendor/laravel/framework/src/Illuminate/Database/Console/WipeCommand.php(69): Illuminate\\Database\\Schema\\MySqlBuilder->dropAllTables()
#5 /var/www/html/vendor/laravel/framework/src/Illuminate/Database/Console/WipeCommand.php(46): Illuminate\\Database\\Console\\WipeCommand->dropAllTables()
#6 /var/www/html/vendor/laravel/framework/src/Illuminate/Container/BoundMethod.php(36): Illuminate\\Database\\Console\\WipeCommand->handle()
#7 /var/www/html/vendor/laravel/framework/src/Illuminate/Container/Util.php(40): Illuminate\\Container\\BoundMethod::Illuminate\\Container\\{closure}()
#8 /var/www/html/vendor/laravel/framework/src/Illuminate/Container/BoundMethod.php(93): Illuminate\\Container\\Util::unwrapIfClosure()
#9 /var/www/html/vendor/laravel/framework/src/Illuminate/Container/BoundMethod.php(37): Illuminate\\Container\\BoundMethod::callBoundMethod()
#10 /var/www/html/vendor/laravel/framework/src/Illuminate/Container/Container.php(653): Illuminate\\Container\\BoundMethod::call()
#11 /var/www/html/vendor/laravel/framework/src/Illuminate/Console/Command.php(136): Illuminate\\Container\\Container->call()
#12 /var/www/html/vendor/symfony/console/Command/Command.php(298): Illuminate\\Console\\Command->execute()
#13 /var/www/html/vendor/laravel/framework/src/Illuminate/Console/Command.php(121): Symfony\\Component\\Console\\Command\\Command->run()
#14 /var/www/html/vendor/laravel/framework/src/Illuminate/Console/Concerns/CallsCommands.php(68): Illuminate\\Console\\Command->run()
#15 /var/www/html/vendor/laravel/framework/src/Illuminate/Console/Concerns/CallsCommands.php(28): Illuminate\\Console\\Command->runCommand()
#16 /var/www/html/vendor/laravel/framework/src/Illuminate/Database/Console/Migrations/FreshCommand.php(43): Illuminate\\Console\\Command->call()
#17 /var/www/html/vendor/laravel/framework/src/Illuminate/Container/BoundMethod.php(36): Illuminate\\Database\\Console\\Migrations\\FreshCommand->handle()
#18 /var/www/html/vendor/laravel/framework/src/Illuminate/Container/Util.php(40): Illuminate\\Container\\BoundMethod::Illuminate\\Container\\{closure}()
#19 /var/www/html/vendor/laravel/framework/src/Illuminate/Container/BoundMethod.php(93): Illuminate\\Container\\Util::unwrapIfClosure()
#20 /var/www/html/vendor/laravel/framework/src/Illuminate/Container/BoundMethod.php(37): Illuminate\\Container\\BoundMethod::callBoundMethod()
#21 /var/www/html/vendor/laravel/framework/src/Illuminate/Container/Container.php(653): Illuminate\\Container\\BoundMethod::call()
#22 /var/www/html/vendor/laravel/framework/src/Illuminate/Console/Command.php(136): Illuminate\\Container\\Container->call()
#23 /var/www/html/vendor/symfony/console/Command/Command.php(298): Illuminate\\Console\\Command->execute()
#24 /var/www/html/vendor/laravel/framework/src/Illuminate/Console/Command.php(121): Symfony\\Component\\Console\\Command\\Command->run()
#25 /var/www/html/vendor/symfony/console/Application.php(1040): Illuminate\\Console\\Command->run()
#26 /var/www/html/vendor/symfony/console/Application.php(301): Symfony\\Component\\Console\\Application->doRunCommand()
#27 /var/www/html/vendor/symfony/console/Application.php(171): Symfony\\Component\\Console\\Application->doRun()
#28 /var/www/html/vendor/laravel/framework/src/Illuminate/Console/Application.php(94): Symfony\\Component\\Console\\Application->run()
#29 /var/www/html/vendor/laravel/framework/src/Illuminate/Foundation/Console/Kernel.php(129): Illuminate\\Console\\Application->run()
#30 /var/www/html/artisan(37): Illuminate\\Foundation\\Console\\Kernel->handle()
#31 {main}

[previous exception] [object] (PDOException(code: 2002): SQLSTATE[HY000] [2002] No such file or directory at /var/www/html/vendor/laravel/framework/src/Illuminate/Database/Connectors/Connector.php:70)
[stacktrace]
#0 /var/www/html/vendor/laravel/framework/src/Illuminate/Database/Connectors/Connector.php(70): PDO->__construct()
#1 /var/www/html/vendor/laravel/framework/src/Illuminate/Database/Connectors/Connector.php(46): Illuminate\\Database\\Connectors\\Connector->createPdoConnection()
#2 /var/www/html/vendor/laravel/framework/src/Illuminate/Database/Connectors/MySqlConnector.php(24): Illuminate\\Database\\Connectors\\Connector->createConnection()
#3 /var/www/html/vendor/laravel/framework/src/Illuminate/Database/Connectors/ConnectionFactory.php(184): Illuminate\\Database\\Connectors\\MySqlConnector->connect()
#4 [internal function]: Illuminate\\Database\\Connectors\\ConnectionFactory->Illuminate\\Database\\Connectors\\{closure}()
#5 /var/www/html/vendor/laravel/framework/src/Illuminate/Database/Connection.php(1064): call_user_func()
#6 /var/www/html/vendor/laravel/framework/src/Illuminate/Database/Connection.php(1100): Illuminate\\Database\\Connection->getPdo()
#7 /var/www/html/vendor/laravel/framework/src/Illuminate/Database/Connection.php(442): Illuminate\\Database\\Connection->getReadPdo()
#8 /var/www/html/vendor/laravel/framework/src/Illuminate/Database/Connection.php(368): Illuminate\\Database\\Connection->getPdoForSelect()
#9 /var/www/html/vendor/laravel/framework/src/Illuminate/Database/Connection.php(705): Illuminate\\Database\\Connection->Illuminate\\Database\\{closure}()
#10 /var/www/html/vendor/laravel/framework/src/Illuminate/Database/Connection.php(672): Illuminate\\Database\\Connection->runQueryCallback()
#11 /var/www/html/vendor/laravel/framework/src/Illuminate/Database/Connection.php(376): Illuminate\\Database\\Connection->run()
#12 /var/www/html/vendor/laravel/framework/src/Illuminate/Database/Schema/MySqlBuilder.php(125): Illuminate\\Database\\Connection->select()
#13 /var/www/html/vendor/laravel/framework/src/Illuminate/Database/Schema/MySqlBuilder.php(74): Illuminate\\Database\\Schema\\MySqlBuilder->getAllTables()
#14 /var/www/html/vendor/laravel/framework/src/Illuminate/Database/Console/WipeCommand.php(69): Illuminate\\Database\\Schema\\MySqlBuilder->dropAllTables()
#15 /var/www/html/vendor/laravel/framework/src/Illuminate/Database/Console/WipeCommand.php(46): Illuminate\\Database\\Console\\WipeCommand->dropAllTables()
#16 /var/www/html/vendor/laravel/framework/src/Illuminate/Container/BoundMethod.php(36): Illuminate\\Database\\Console\\WipeCommand->handle()
#17 /var/www/html/vendor/laravel/framework/src/Illuminate/Container/Util.php(40): Illuminate\\Container\\BoundMethod::Illuminate\\Container\\{closure}()
#18 /var/www/html/vendor/laravel/framework/src/Illuminate/Container/BoundMethod.php(93): Illuminate\\Container\\Util::unwrapIfClosure()
#19 /var/www/html/vendor/laravel/framework/src/Illuminate/Container/BoundMethod.php(37): Illuminate\\Container\\BoundMethod::callBoundMethod()
#20 /var/www/html/vendor/laravel/framework/src/Illuminate/Container/Container.php(653): Illuminate\\Container\\BoundMethod::call()
#21 /var/www/html/vendor/laravel/framework/src/Illuminate/Console/Command.php(136): Illuminate\\Container\\Container->call()
#22 /var/www/html/vendor/symfony/console/Command/Command.php(298): Illuminate\\Console\\Command->execute()
#23 /var/www/html/vendor/laravel/framework/src/Illuminate/Console/Command.php(121): Symfony\\Component\\Console\\Command\\Command->run()
#24 /var/www/html/vendor/laravel/framework/src/Illuminate/Console/Concerns/CallsCommands.php(68): Illuminate\\Console\\Command->run()
#25 /var/www/html/vendor/laravel/framework/src/Illuminate/Console/Concerns/CallsCommands.php(28): Illuminate\\Console\\Command->runCommand()
#26 /var/www/html/vendor/laravel/framework/src/Illuminate/Database/Console/Migrations/FreshCommand.php(43): Illuminate\\Console\\Command->call()
#27 /var/www/html/vendor/laravel/framework/src/Illuminate/Container/BoundMethod.php(36): Illuminate\\Database\\Console\\Migrations\\FreshCommand->handle()
#28 /var/www/html/vendor/laravel/framework/src/Illuminate/Container/Util.php(40): Illuminate\\Container\\BoundMethod::Illuminate\\Container\\{closure}()
#29 /var/www/html/vendor/laravel/framework/src/Illuminate/Container/BoundMethod.php(93): Illuminate\\Container\\Util::unwrapIfClosure()
#30 /var/www/html/vendor/laravel/framework/src/Illuminate/Container/BoundMethod.php(37): Illuminate\\Container\\BoundMethod::callBoundMethod()
#31 /var/www/html/vendor/laravel/framework/src/Illuminate/Container/Container.php(653): Illuminate\\Container\\BoundMethod::call()
#32 /var/www/html/vendor/laravel/framework/src/Illuminate/Console/Command.php(136): Illuminate\\Container\\Container->call()
#33 /var/www/html/vendor/symfony/console/Command/Command.php(298): Illuminate\\Console\\Command->execute()
#34 /var/www/html/vendor/laravel/framework/src/Illuminate/Console/Command.php(121): Symfony\\Component\\Console\\Command\\Command->run()
#35 /var/www/html/vendor/symfony/console/Application.php(1040): Illuminate\\Console\\Command->run()
#36 /var/www/html/vendor/symfony/console/Application.php(301): Symfony\\Component\\Console\\Application->doRunCommand()
#37 /var/www/html/vendor/symfony/console/Application.php(171): Symfony\\Component\\Console\\Application->doRun()
#38 /var/www/html/vendor/laravel/framework/src/Illuminate/Console/Application.php(94): Symfony\\Component\\Console\\Application->run()
#39 /var/www/html/vendor/laravel/framework/src/Illuminate/Foundation/Console/Kernel.php(129): Illuminate\\Console\\Application->run()
#40 /var/www/html/artisan(37): Illuminate\\Foundation\\Console\\Kernel->handle()
#41 {main}
"} 
[2023-01-13 09:38:21] local.ERROR: SQLSTATE[HY000] [2002] No such file or directory (SQL: SHOW FULL TABLES WHERE table_type = 'BASE TABLE') {"exception":"[object] (Illuminate\\Database\\QueryException(code: 2002): SQLSTATE[HY000] [2002] No such file or directory (SQL: SHOW FULL TABLES WHERE table_type = 'BASE TABLE') at /var/www/html/vendor/laravel/framework/src/Illuminate/Database/Connection.php:712)
[stacktrace]
#0 /var/www/html/vendor/laravel/framework/src/Illuminate/Database/Connection.php(672): Illuminate\\Database\\Connection->runQueryCallback()
#1 /var/www/html/vendor/laravel/framework/src/Illuminate/Database/Connection.php(376): Illuminate\\Database\\Connection->run()
#2 /var/www/html/vendor/laravel/framework/src/Illuminate/Database/Schema/MySqlBuilder.php(125): Illuminate\\Database\\Connection->select()
#3 /var/www/html/vendor/laravel/framework/src/Illuminate/Database/Schema/MySqlBuilder.php(74): Illuminate\\Database\\Schema\\MySqlBuilder->getAllTables()
#4 /var/www/html/vendor/laravel/framework/src/Illuminate/Database/Console/WipeCommand.php(69): Illuminate\\Database\\Schema\\MySqlBuilder->dropAllTables()
#5 /var/www/html/vendor/laravel/framework/src/Illuminate/Database/Console/WipeCommand.php(46): Illuminate\\Database\\Console\\WipeCommand->dropAllTables()
#6 /var/www/html/vendor/laravel/framework/src/Illuminate/Container/BoundMethod.php(36): Illuminate\\Database\\Console\\WipeCommand->handle()
#7 /var/www/html/vendor/laravel/framework/src/Illuminate/Container/Util.php(40): Illuminate\\Container\\BoundMethod::Illuminate\\Container\\{closure}()
#8 /var/www/html/vendor/laravel/framework/src/Illuminate/Container/BoundMethod.php(93): Illuminate\\Container\\Util::unwrapIfClosure()
#9 /var/www/html/vendor/laravel/framework/src/Illuminate/Container/BoundMethod.php(37): Illuminate\\Container\\BoundMethod::callBoundMethod()
#10 /var/www/html/vendor/laravel/framework/src/Illuminate/Container/Container.php(653): Illuminate\\Container\\BoundMethod::call()
#11 /var/www/html/vendor/laravel/framework/src/Illuminate/Console/Command.php(136): Illuminate\\Container\\Container->call()
#12 /var/www/html/vendor/symfony/console/Command/Command.php(298): Illuminate\\Console\\Command->execute()
#13 /var/www/html/vendor/laravel/framework/src/Illuminate/Console/Command.php(121): Symfony\\Component\\Console\\Command\\Command->run()
#14 /var/www/html/vendor/laravel/framework/src/Illuminate/Console/Concerns/CallsCommands.php(68): Illuminate\\Console\\Command->run()
#15 /var/www/html/vendor/laravel/framework/src/Illuminate/Console/Concerns/CallsCommands.php(28): Illuminate\\Console\\Command->runCommand()
#16 /var/www/html/vendor/laravel/framework/src/Illuminate/Database/Console/Migrations/FreshCommand.php(43): Illuminate\\Console\\Command->call()
#17 /var/www/html/vendor/laravel/framework/src/Illuminate/Container/BoundMethod.php(36): Illuminate\\Database\\Console\\Migrations\\FreshCommand->handle()
#18 /var/www/html/vendor/laravel/framework/src/Illuminate/Container/Util.php(40): Illuminate\\Container\\BoundMethod::Illuminate\\Container\\{closure}()
#19 /var/www/html/vendor/laravel/framework/src/Illuminate/Container/BoundMethod.php(93): Illuminate\\Container\\Util::unwrapIfClosure()
#20 /var/www/html/vendor/laravel/framework/src/Illuminate/Container/BoundMethod.php(37): Illuminate\\Container\\BoundMethod::callBoundMethod()
#21 /var/www/html/vendor/laravel/framework/src/Illuminate/Container/Container.php(653): Illuminate\\Container\\BoundMethod::call()
#22 /var/www/html/vendor/laravel/framework/src/Illuminate/Console/Command.php(136): Illuminate\\Container\\Container->call()
#23 /var/www/html/vendor/symfony/console/Command/Command.php(298): Illuminate\\Console\\Command->execute()
#24 /var/www/html/vendor/laravel/framework/src/Illuminate/Console/Command.php(121): Symfony\\Component\\Console\\Command\\Command->run()
#25 /var/www/html/vendor/symfony/console/Application.php(1040): Illuminate\\Console\\Command->run()
#26 /var/www/html/vendor/symfony/console/Application.php(301): Symfony\\Component\\Console\\Application->doRunCommand()
#27 /var/www/html/vendor/symfony/console/Application.php(171): Symfony\\Component\\Console\\Application->doRun()
#28 /var/www/html/vendor/laravel/framework/src/Illuminate/Console/Application.php(94): Symfony\\Component\\Console\\Application->run()
#29 /var/www/html/vendor/laravel/framework/src/Illuminate/Foundation/Console/Kernel.php(129): Illuminate\\Console\\Application->run()
#30 /var/www/html/artisan(37): Illuminate\\Foundation\\Console\\Kernel->handle()
#31 {main}

[previous exception] [object] (PDOException(code: 2002): SQLSTATE[HY000] [2002] No such file or directory at /var/www/html/vendor/laravel/framework/src/Illuminate/Database/Connectors/Connector.php:70)
[stacktrace]
#0 /var/www/html/vendor/laravel/framework/src/Illuminate/Database/Connectors/Connector.php(70): PDO->__construct()
#1 /var/www/html/vendor/laravel/framework/src/Illuminate/Database/Connectors/Connector.php(46): Illuminate\\Database\\Connectors\\Connector->createPdoConnection()
#2 /var/www/html/vendor/laravel/framework/src/Illuminate/Database/Connectors/MySqlConnector.php(24): Illuminate\\Database\\Connectors\\Connector->createConnection()
#3 /var/www/html/vendor/laravel/framework/src/Illuminate/Database/Connectors/ConnectionFactory.php(184): Illuminate\\Database\\Connectors\\MySqlConnector->connect()
#4 [internal function]: Illuminate\\Database\\Connectors\\ConnectionFactory->Illuminate\\Database\\Connectors\\{closure}()
#5 /var/www/html/vendor/laravel/framework/src/Illuminate/Database/Connection.php(1064): call_user_func()
#6 /var/www/html/vendor/laravel/framework/src/Illuminate/Database/Connection.php(1100): Illuminate\\Database\\Connection->getPdo()
#7 /var/www/html/vendor/laravel/framework/src/Illuminate/Database/Connection.php(442): Illuminate\\Database\\Connection->getReadPdo()
#8 /var/www/html/vendor/laravel/framework/src/Illuminate/Database/Connection.php(368): Illuminate\\Database\\Connection->getPdoForSelect()
#9 /var/www/html/vendor/laravel/framework/src/Illuminate/Database/Connection.php(705): Illuminate\\Database\\Connection->Illuminate\\Database\\{closure}()
#10 /var/www/html/vendor/laravel/framework/src/Illuminate/Database/Connection.php(672): Illuminate\\Database\\Connection->runQueryCallback()
#11 /var/www/html/vendor/laravel/framework/src/Illuminate/Database/Connection.php(376): Illuminate\\Database\\Connection->run()
#12 /var/www/html/vendor/laravel/framework/src/Illuminate/Database/Schema/MySqlBuilder.php(125): Illuminate\\Database\\Connection->select()
#13 /var/www/html/vendor/laravel/framework/src/Illuminate/Database/Schema/MySqlBuilder.php(74): Illuminate\\Database\\Schema\\MySqlBuilder->getAllTables()
#14 /var/www/html/vendor/laravel/framework/src/Illuminate/Database/Console/WipeCommand.php(69): Illuminate\\Database\\Schema\\MySqlBuilder->dropAllTables()
#15 /var/www/html/vendor/laravel/framework/src/Illuminate/Database/Console/WipeCommand.php(46): Illuminate\\Database\\Console\\WipeCommand->dropAllTables()
#16 /var/www/html/vendor/laravel/framework/src/Illuminate/Container/BoundMethod.php(36): Illuminate\\Database\\Console\\WipeCommand->handle()
#17 /var/www/html/vendor/laravel/framework/src/Illuminate/Container/Util.php(40): Illuminate\\Container\\BoundMethod::Illuminate\\Container\\{closure}()
#18 /var/www/html/vendor/laravel/framework/src/Illuminate/Container/BoundMethod.php(93): Illuminate\\Container\\Util::unwrapIfClosure()
#19 /var/www/html/vendor/laravel/framework/src/Illuminate/Container/BoundMethod.php(37): Illuminate\\Container\\BoundMethod::callBoundMethod()
#20 /var/www/html/vendor/laravel/framework/src/Illuminate/Container/Container.php(653): Illuminate\\Container\\BoundMethod::call()
#21 /var/www/html/vendor/laravel/framework/src/Illuminate/Console/Command.php(136): Illuminate\\Container\\Container->call()
#22 /var/www/html/vendor/symfony/console/Command/Command.php(298): Illuminate\\Console\\Command->execute()
#23 /var/www/html/vendor/laravel/framework/src/Illuminate/Console/Command.php(121): Symfony\\Component\\Console\\Command\\Command->run()
#24 /var/www/html/vendor/laravel/framework/src/Illuminate/Console/Concerns/CallsCommands.php(68): Illuminate\\Console\\Command->run()
#25 /var/www/html/vendor/laravel/framework/src/Illuminate/Console/Concerns/CallsCommands.php(28): Illuminate\\Console\\Command->runCommand()
#26 /var/www/html/vendor/laravel/framework/src/Illuminate/Database/Console/Migrations/FreshCommand.php(43): Illuminate\\Console\\Command->call()
#27 /var/www/html/vendor/laravel/framework/src/Illuminate/Container/BoundMethod.php(36): Illuminate\\Database\\Console\\Migrations\\FreshCommand->handle()
#28 /var/www/html/vendor/laravel/framework/src/Illuminate/Container/Util.php(40): Illuminate\\Container\\BoundMethod::Illuminate\\Container\\{closure}()
#29 /var/www/html/vendor/laravel/framework/src/Illuminate/Container/BoundMethod.php(93): Illuminate\\Container\\Util::unwrapIfClosure()
#30 /var/www/html/vendor/laravel/framework/src/Illuminate/Container/BoundMethod.php(37): Illuminate\\Container\\BoundMethod::callBoundMethod()
#31 /var/www/html/vendor/laravel/framework/src/Illuminate/Container/Container.php(653): Illuminate\\Container\\BoundMethod::call()
#32 /var/www/html/vendor/laravel/framework/src/Illuminate/Console/Command.php(136): Illuminate\\Container\\Container->call()
#33 /var/www/html/vendor/symfony/console/Command/Command.php(298): Illuminate\\Console\\Command->execute()
#34 /var/www/html/vendor/laravel/framework/src/Illuminate/Console/Command.php(121): Symfony\\Component\\Console\\Command\\Command->run()
#35 /var/www/html/vendor/symfony/console/Application.php(1040): Illuminate\\Console\\Command->run()
#36 /var/www/html/vendor/symfony/console/Application.php(301): Symfony\\Component\\Console\\Application->doRunCommand()
#37 /var/www/html/vendor/symfony/console/Application.php(171): Symfony\\Component\\Console\\Application->doRun()
#38 /var/www/html/vendor/laravel/framework/src/Illuminate/Console/Application.php(94): Symfony\\Component\\Console\\Application->run()
#39 /var/www/html/vendor/laravel/framework/src/Illuminate/Foundation/Console/Kernel.php(129): Illuminate\\Console\\Application->run()
#40 /var/www/html/artisan(37): Illuminate\\Foundation\\Console\\Kernel->handle()
#41 {main}
"} 
[2023-01-13 09:38:49] local.ERROR: SQLSTATE[HY000] [2002] Connection refused (SQL: SHOW FULL TABLES WHERE table_type = 'BASE TABLE') {"exception":"[object] (Illuminate\\Database\\QueryException(code: 2002): SQLSTATE[HY000] [2002] Connection refused (SQL: SHOW FULL TABLES WHERE table_type = 'BASE TABLE') at /var/www/html/vendor/laravel/framework/src/Illuminate/Database/Connection.php:712)
[stacktrace]
#0 /var/www/html/vendor/laravel/framework/src/Illuminate/Database/Connection.php(784): Illuminate\\Database\\Connection->runQueryCallback()
#1 /var/www/html/vendor/laravel/framework/src/Illuminate/Database/Connection.php(764): Illuminate\\Database\\Connection->tryAgainIfCausedByLostConnection()
#2 /var/www/html/vendor/laravel/framework/src/Illuminate/Database/Connection.php(675): Illuminate\\Database\\Connection->handleQueryException()
#3 /var/www/html/vendor/laravel/framework/src/Illuminate/Database/Connection.php(376): Illuminate\\Database\\Connection->run()
#4 /var/www/html/vendor/laravel/framework/src/Illuminate/Database/Schema/MySqlBuilder.php(125): Illuminate\\Database\\Connection->select()
#5 /var/www/html/vendor/laravel/framework/src/Illuminate/Database/Schema/MySqlBuilder.php(74): Illuminate\\Database\\Schema\\MySqlBuilder->getAllTables()
#6 /var/www/html/vendor/laravel/framework/src/Illuminate/Database/Console/WipeCommand.php(69): Illuminate\\Database\\Schema\\MySqlBuilder->dropAllTables()
#7 /var/www/html/vendor/laravel/framework/src/Illuminate/Database/Console/WipeCommand.php(46): Illuminate\\Database\\Console\\WipeCommand->dropAllTables()
#8 /var/www/html/vendor/laravel/framework/src/Illuminate/Container/BoundMethod.php(36): Illuminate\\Database\\Console\\WipeCommand->handle()
#9 /var/www/html/vendor/laravel/framework/src/Illuminate/Container/Util.php(40): Illuminate\\Container\\BoundMethod::Illuminate\\Container\\{closure}()
#10 /var/www/html/vendor/laravel/framework/src/Illuminate/Container/BoundMethod.php(93): Illuminate\\Container\\Util::unwrapIfClosure()
#11 /var/www/html/vendor/laravel/framework/src/Illuminate/Container/BoundMethod.php(37): Illuminate\\Container\\BoundMethod::callBoundMethod()
#12 /var/www/html/vendor/laravel/framework/src/Illuminate/Container/Container.php(653): Illuminate\\Container\\BoundMethod::call()
#13 /var/www/html/vendor/laravel/framework/src/Illuminate/Console/Command.php(136): Illuminate\\Container\\Container->call()
#14 /var/www/html/vendor/symfony/console/Command/Command.php(298): Illuminate\\Console\\Command->execute()
#15 /var/www/html/vendor/laravel/framework/src/Illuminate/Console/Command.php(121): Symfony\\Component\\Console\\Command\\Command->run()
#16 /var/www/html/vendor/laravel/framework/src/Illuminate/Console/Concerns/CallsCommands.php(68): Illuminate\\Console\\Command->run()
#17 /var/www/html/vendor/laravel/framework/src/Illuminate/Console/Concerns/CallsCommands.php(28): Illuminate\\Console\\Command->runCommand()
#18 /var/www/html/vendor/laravel/framework/src/Illuminate/Database/Console/Migrations/FreshCommand.php(43): Illuminate\\Console\\Command->call()
#19 /var/www/html/vendor/laravel/framework/src/Illuminate/Container/BoundMethod.php(36): Illuminate\\Database\\Console\\Migrations\\FreshCommand->handle()
#20 /var/www/html/vendor/laravel/framework/src/Illuminate/Container/Util.php(40): Illuminate\\Container\\BoundMethod::Illuminate\\Container\\{closure}()
#21 /var/www/html/vendor/laravel/framework/src/Illuminate/Container/BoundMethod.php(93): Illuminate\\Container\\Util::unwrapIfClosure()
#22 /var/www/html/vendor/laravel/framework/src/Illuminate/Container/BoundMethod.php(37): Illuminate\\Container\\BoundMethod::callBoundMethod()
#23 /var/www/html/vendor/laravel/framework/src/Illuminate/Container/Container.php(653): Illuminate\\Container\\BoundMethod::call()
#24 /var/www/html/vendor/laravel/framework/src/Illuminate/Console/Command.php(136): Illuminate\\Container\\Container->call()
#25 /var/www/html/vendor/symfony/console/Command/Command.php(298): Illuminate\\Console\\Command->execute()
#26 /var/www/html/vendor/laravel/framework/src/Illuminate/Console/Command.php(121): Symfony\\Component\\Console\\Command\\Command->run()
#27 /var/www/html/vendor/symfony/console/Application.php(1040): Illuminate\\Console\\Command->run()
#28 /var/www/html/vendor/symfony/console/Application.php(301): Symfony\\Component\\Console\\Application->doRunCommand()
#29 /var/www/html/vendor/symfony/console/Application.php(171): Symfony\\Component\\Console\\Application->doRun()
#30 /var/www/html/vendor/laravel/framework/src/Illuminate/Console/Application.php(94): Symfony\\Component\\Console\\Application->run()
#31 /var/www/html/vendor/laravel/framework/src/Illuminate/Foundation/Console/Kernel.php(129): Illuminate\\Console\\Application->run()
#32 /var/www/html/artisan(37): Illuminate\\Foundation\\Console\\Kernel->handle()
#33 {main}

[previous exception] [object] (PDOException(code: 2002): SQLSTATE[HY000] [2002] Connection refused at /var/www/html/vendor/laravel/framework/src/Illuminate/Database/Connectors/Connector.php:70)
[stacktrace]
#0 /var/www/html/vendor/laravel/framework/src/Illuminate/Database/Connectors/Connector.php(70): PDO->__construct()
#1 /var/www/html/vendor/laravel/framework/src/Illuminate/Database/Connectors/Connector.php(100): Illuminate\\Database\\Connectors\\Connector->createPdoConnection()
#2 /var/www/html/vendor/laravel/framework/src/Illuminate/Database/Connectors/Connector.php(50): Illuminate\\Database\\Connectors\\Connector->tryAgainIfCausedByLostConnection()
#3 /var/www/html/vendor/laravel/framework/src/Illuminate/Database/Connectors/MySqlConnector.php(24): Illuminate\\Database\\Connectors\\Connector->createConnection()
#4 /var/www/html/vendor/laravel/framework/src/Illuminate/Database/Connectors/ConnectionFactory.php(184): Illuminate\\Database\\Connectors\\MySqlConnector->connect()
#5 [internal function]: Illuminate\\Database\\Connectors\\ConnectionFactory->Illuminate\\Database\\Connectors\\{closure}()
#6 /var/www/html/vendor/laravel/framework/src/Illuminate/Database/Connection.php(1064): call_user_func()
#7 /var/www/html/vendor/laravel/framework/src/Illuminate/Database/Connection.php(1100): Illuminate\\Database\\Connection->getPdo()
#8 /var/www/html/vendor/laravel/framework/src/Illuminate/Database/Connection.php(442): Illuminate\\Database\\Connection->getReadPdo()
#9 /var/www/html/vendor/laravel/framework/src/Illuminate/Database/Connection.php(368): Illuminate\\Database\\Connection->getPdoForSelect()
#10 /var/www/html/vendor/laravel/framework/src/Illuminate/Database/Connection.php(705): Illuminate\\Database\\Connection->Illuminate\\Database\\{closure}()
#11 /var/www/html/vendor/laravel/framework/src/Illuminate/Database/Connection.php(784): Illuminate\\Database\\Connection->runQueryCallback()
#12 /var/www/html/vendor/laravel/framework/src/Illuminate/Database/Connection.php(764): Illuminate\\Database\\Connection->tryAgainIfCausedByLostConnection()
#13 /var/www/html/vendor/laravel/framework/src/Illuminate/Database/Connection.php(675): Illuminate\\Database\\Connection->handleQueryException()
#14 /var/www/html/vendor/laravel/framework/src/Illuminate/Database/Connection.php(376): Illuminate\\Database\\Connection->run()
#15 /var/www/html/vendor/laravel/framework/src/Illuminate/Database/Schema/MySqlBuilder.php(125): Illuminate\\Database\\Connection->select()
#16 /var/www/html/vendor/laravel/framework/src/Illuminate/Database/Schema/MySqlBuilder.php(74): Illuminate\\Database\\Schema\\MySqlBuilder->getAllTables()
#17 /var/www/html/vendor/laravel/framework/src/Illuminate/Database/Console/WipeCommand.php(69): Illuminate\\Database\\Schema\\MySqlBuilder->dropAllTables()
#18 /var/www/html/vendor/laravel/framework/src/Illuminate/Database/Console/WipeCommand.php(46): Illuminate\\Database\\Console\\WipeCommand->dropAllTables()
#19 /var/www/html/vendor/laravel/framework/src/Illuminate/Container/BoundMethod.php(36): Illuminate\\Database\\Console\\WipeCommand->handle()
#20 /var/www/html/vendor/laravel/framework/src/Illuminate/Container/Util.php(40): Illuminate\\Container\\BoundMethod::Illuminate\\Container\\{closure}()
#21 /var/www/html/vendor/laravel/framework/src/Illuminate/Container/BoundMethod.php(93): Illuminate\\Container\\Util::unwrapIfClosure()
#22 /var/www/html/vendor/laravel/framework/src/Illuminate/Container/BoundMethod.php(37): Illuminate\\Container\\BoundMethod::callBoundMethod()
#23 /var/www/html/vendor/laravel/framework/src/Illuminate/Container/Container.php(653): Illuminate\\Container\\BoundMethod::call()
#24 /var/www/html/vendor/laravel/framework/src/Illuminate/Console/Command.php(136): Illuminate\\Container\\Container->call()
#25 /var/www/html/vendor/symfony/console/Command/Command.php(298): Illuminate\\Console\\Command->execute()
#26 /var/www/html/vendor/laravel/framework/src/Illuminate/Console/Command.php(121): Symfony\\Component\\Console\\Command\\Command->run()
#27 /var/www/html/vendor/laravel/framework/src/Illuminate/Console/Concerns/CallsCommands.php(68): Illuminate\\Console\\Command->run()
#28 /var/www/html/vendor/laravel/framework/src/Illuminate/Console/Concerns/CallsCommands.php(28): Illuminate\\Console\\Command->runCommand()
#29 /var/www/html/vendor/laravel/framework/src/Illuminate/Database/Console/Migrations/FreshCommand.php(43): Illuminate\\Console\\Command->call()
#30 /var/www/html/vendor/laravel/framework/src/Illuminate/Container/BoundMethod.php(36): Illuminate\\Database\\Console\\Migrations\\FreshCommand->handle()
#31 /var/www/html/vendor/laravel/framework/src/Illuminate/Container/Util.php(40): Illuminate\\Container\\BoundMethod::Illuminate\\Container\\{closure}()
#32 /var/www/html/vendor/laravel/framework/src/Illuminate/Container/BoundMethod.php(93): Illuminate\\Container\\Util::unwrapIfClosure()
#33 /var/www/html/vendor/laravel/framework/src/Illuminate/Container/BoundMethod.php(37): Illuminate\\Container\\BoundMethod::callBoundMethod()
#34 /var/www/html/vendor/laravel/framework/src/Illuminate/Container/Container.php(653): Illuminate\\Container\\BoundMethod::call()
#35 /var/www/html/vendor/laravel/framework/src/Illuminate/Console/Command.php(136): Illuminate\\Container\\Container->call()
#36 /var/www/html/vendor/symfony/console/Command/Command.php(298): Illuminate\\Console\\Command->execute()
#37 /var/www/html/vendor/laravel/framework/src/Illuminate/Console/Command.php(121): Symfony\\Component\\Console\\Command\\Command->run()
#38 /var/www/html/vendor/symfony/console/Application.php(1040): Illuminate\\Console\\Command->run()
#39 /var/www/html/vendor/symfony/console/Application.php(301): Symfony\\Component\\Console\\Application->doRunCommand()
#40 /var/www/html/vendor/symfony/console/Application.php(171): Symfony\\Component\\Console\\Application->doRun()
#41 /var/www/html/vendor/laravel/framework/src/Illuminate/Console/Application.php(94): Symfony\\Component\\Console\\Application->run()
#42 /var/www/html/vendor/laravel/framework/src/Illuminate/Foundation/Console/Kernel.php(129): Illuminate\\Console\\Application->run()
#43 /var/www/html/artisan(37): Illuminate\\Foundation\\Console\\Kernel->handle()
#44 {main}
"} 
[2023-01-13 09:39:15] local.ERROR: SQLSTATE[HY000] [2002] No such file or directory (SQL: SHOW FULL TABLES WHERE table_type = 'BASE TABLE') {"exception":"[object] (Illuminate\\Database\\QueryException(code: 2002): SQLSTATE[HY000] [2002] No such file or directory (SQL: SHOW FULL TABLES WHERE table_type = 'BASE TABLE') at /var/www/html/vendor/laravel/framework/src/Illuminate/Database/Connection.php:712)
[stacktrace]
#0 /var/www/html/vendor/laravel/framework/src/Illuminate/Database/Connection.php(672): Illuminate\\Database\\Connection->runQueryCallback()
#1 /var/www/html/vendor/laravel/framework/src/Illuminate/Database/Connection.php(376): Illuminate\\Database\\Connection->run()
#2 /var/www/html/vendor/laravel/framework/src/Illuminate/Database/Schema/MySqlBuilder.php(125): Illuminate\\Database\\Connection->select()
#3 /var/www/html/vendor/laravel/framework/src/Illuminate/Database/Schema/MySqlBuilder.php(74): Illuminate\\Database\\Schema\\MySqlBuilder->getAllTables()
#4 /var/www/html/vendor/laravel/framework/src/Illuminate/Database/Console/WipeCommand.php(69): Illuminate\\Database\\Schema\\MySqlBuilder->dropAllTables()
#5 /var/www/html/vendor/laravel/framework/src/Illuminate/Database/Console/WipeCommand.php(46): Illuminate\\Database\\Console\\WipeCommand->dropAllTables()
#6 /var/www/html/vendor/laravel/framework/src/Illuminate/Container/BoundMethod.php(36): Illuminate\\Database\\Console\\WipeCommand->handle()
#7 /var/www/html/vendor/laravel/framework/src/Illuminate/Container/Util.php(40): Illuminate\\Container\\BoundMethod::Illuminate\\Container\\{closure}()
#8 /var/www/html/vendor/laravel/framework/src/Illuminate/Container/BoundMethod.php(93): Illuminate\\Container\\Util::unwrapIfClosure()
#9 /var/www/html/vendor/laravel/framework/src/Illuminate/Container/BoundMethod.php(37): Illuminate\\Container\\BoundMethod::callBoundMethod()
#10 /var/www/html/vendor/laravel/framework/src/Illuminate/Container/Container.php(653): Illuminate\\Container\\BoundMethod::call()
#11 /var/www/html/vendor/laravel/framework/src/Illuminate/Console/Command.php(136): Illuminate\\Container\\Container->call()
#12 /var/www/html/vendor/symfony/console/Command/Command.php(298): Illuminate\\Console\\Command->execute()
#13 /var/www/html/vendor/laravel/framework/src/Illuminate/Console/Command.php(121): Symfony\\Component\\Console\\Command\\Command->run()
#14 /var/www/html/vendor/laravel/framework/src/Illuminate/Console/Concerns/CallsCommands.php(68): Illuminate\\Console\\Command->run()
#15 /var/www/html/vendor/laravel/framework/src/Illuminate/Console/Concerns/CallsCommands.php(28): Illuminate\\Console\\Command->runCommand()
#16 /var/www/html/vendor/laravel/framework/src/Illuminate/Database/Console/Migrations/FreshCommand.php(43): Illuminate\\Console\\Command->call()
#17 /var/www/html/vendor/laravel/framework/src/Illuminate/Container/BoundMethod.php(36): Illuminate\\Database\\Console\\Migrations\\FreshCommand->handle()
#18 /var/www/html/vendor/laravel/framework/src/Illuminate/Container/Util.php(40): Illuminate\\Container\\BoundMethod::Illuminate\\Container\\{closure}()
#19 /var/www/html/vendor/laravel/framework/src/Illuminate/Container/BoundMethod.php(93): Illuminate\\Container\\Util::unwrapIfClosure()
#20 /var/www/html/vendor/laravel/framework/src/Illuminate/Container/BoundMethod.php(37): Illuminate\\Container\\BoundMethod::callBoundMethod()
#21 /var/www/html/vendor/laravel/framework/src/Illuminate/Container/Container.php(653): Illuminate\\Container\\BoundMethod::call()
#22 /var/www/html/vendor/laravel/framework/src/Illuminate/Console/Command.php(136): Illuminate\\Container\\Container->call()
#23 /var/www/html/vendor/symfony/console/Command/Command.php(298): Illuminate\\Console\\Command->execute()
#24 /var/www/html/vendor/laravel/framework/src/Illuminate/Console/Command.php(121): Symfony\\Component\\Console\\Command\\Command->run()
#25 /var/www/html/vendor/symfony/console/Application.php(1040): Illuminate\\Console\\Command->run()
#26 /var/www/html/vendor/symfony/console/Application.php(301): Symfony\\Component\\Console\\Application->doRunCommand()
#27 /var/www/html/vendor/symfony/console/Application.php(171): Symfony\\Component\\Console\\Application->doRun()
#28 /var/www/html/vendor/laravel/framework/src/Illuminate/Console/Application.php(94): Symfony\\Component\\Console\\Application->run()
#29 /var/www/html/vendor/laravel/framework/src/Illuminate/Foundation/Console/Kernel.php(129): Illuminate\\Console\\Application->run()
#30 /var/www/html/artisan(37): Illuminate\\Foundation\\Console\\Kernel->handle()
#31 {main}

[previous exception] [object] (PDOException(code: 2002): SQLSTATE[HY000] [2002] No such file or directory at /var/www/html/vendor/laravel/framework/src/Illuminate/Database/Connectors/Connector.php:70)
[stacktrace]
#0 /var/www/html/vendor/laravel/framework/src/Illuminate/Database/Connectors/Connector.php(70): PDO->__construct()
#1 /var/www/html/vendor/laravel/framework/src/Illuminate/Database/Connectors/Connector.php(46): Illuminate\\Database\\Connectors\\Connector->createPdoConnection()
#2 /var/www/html/vendor/laravel/framework/src/Illuminate/Database/Connectors/MySqlConnector.php(24): Illuminate\\Database\\Connectors\\Connector->createConnection()
#3 /var/www/html/vendor/laravel/framework/src/Illuminate/Database/Connectors/ConnectionFactory.php(184): Illuminate\\Database\\Connectors\\MySqlConnector->connect()
#4 [internal function]: Illuminate\\Database\\Connectors\\ConnectionFactory->Illuminate\\Database\\Connectors\\{closure}()
#5 /var/www/html/vendor/laravel/framework/src/Illuminate/Database/Connection.php(1064): call_user_func()
#6 /var/www/html/vendor/laravel/framework/src/Illuminate/Database/Connection.php(1100): Illuminate\\Database\\Connection->getPdo()
#7 /var/www/html/vendor/laravel/framework/src/Illuminate/Database/Connection.php(442): Illuminate\\Database\\Connection->getReadPdo()
#8 /var/www/html/vendor/laravel/framework/src/Illuminate/Database/Connection.php(368): Illuminate\\Database\\Connection->getPdoForSelect()
#9 /var/www/html/vendor/laravel/framework/src/Illuminate/Database/Connection.php(705): Illuminate\\Database\\Connection->Illuminate\\Database\\{closure}()
#10 /var/www/html/vendor/laravel/framework/src/Illuminate/Database/Connection.php(672): Illuminate\\Database\\Connection->runQueryCallback()
#11 /var/www/html/vendor/laravel/framework/src/Illuminate/Database/Connection.php(376): Illuminate\\Database\\Connection->run()
#12 /var/www/html/vendor/laravel/framework/src/Illuminate/Database/Schema/MySqlBuilder.php(125): Illuminate\\Database\\Connection->select()
#13 /var/www/html/vendor/laravel/framework/src/Illuminate/Database/Schema/MySqlBuilder.php(74): Illuminate\\Database\\Schema\\MySqlBuilder->getAllTables()
#14 /var/www/html/vendor/laravel/framework/src/Illuminate/Database/Console/WipeCommand.php(69): Illuminate\\Database\\Schema\\MySqlBuilder->dropAllTables()
#15 /var/www/html/vendor/laravel/framework/src/Illuminate/Database/Console/WipeCommand.php(46): Illuminate\\Database\\Console\\WipeCommand->dropAllTables()
#16 /var/www/html/vendor/laravel/framework/src/Illuminate/Container/BoundMethod.php(36): Illuminate\\Database\\Console\\WipeCommand->handle()
#17 /var/www/html/vendor/laravel/framework/src/Illuminate/Container/Util.php(40): Illuminate\\Container\\BoundMethod::Illuminate\\Container\\{closure}()
#18 /var/www/html/vendor/laravel/framework/src/Illuminate/Container/BoundMethod.php(93): Illuminate\\Container\\Util::unwrapIfClosure()
#19 /var/www/html/vendor/laravel/framework/src/Illuminate/Container/BoundMethod.php(37): Illuminate\\Container\\BoundMethod::callBoundMethod()
#20 /var/www/html/vendor/laravel/framework/src/Illuminate/Container/Container.php(653): Illuminate\\Container\\BoundMethod::call()
#21 /var/www/html/vendor/laravel/framework/src/Illuminate/Console/Command.php(136): Illuminate\\Container\\Container->call()
#22 /var/www/html/vendor/symfony/console/Command/Command.php(298): Illuminate\\Console\\Command->execute()
#23 /var/www/html/vendor/laravel/framework/src/Illuminate/Console/Command.php(121): Symfony\\Component\\Console\\Command\\Command->run()
#24 /var/www/html/vendor/laravel/framework/src/Illuminate/Console/Concerns/CallsCommands.php(68): Illuminate\\Console\\Command->run()
#25 /var/www/html/vendor/laravel/framework/src/Illuminate/Console/Concerns/CallsCommands.php(28): Illuminate\\Console\\Command->runCommand()
#26 /var/www/html/vendor/laravel/framework/src/Illuminate/Database/Console/Migrations/FreshCommand.php(43): Illuminate\\Console\\Command->call()
#27 /var/www/html/vendor/laravel/framework/src/Illuminate/Container/BoundMethod.php(36): Illuminate\\Database\\Console\\Migrations\\FreshCommand->handle()
#28 /var/www/html/vendor/laravel/framework/src/Illuminate/Container/Util.php(40): Illuminate\\Container\\BoundMethod::Illuminate\\Container\\{closure}()
#29 /var/www/html/vendor/laravel/framework/src/Illuminate/Container/BoundMethod.php(93): Illuminate\\Container\\Util::unwrapIfClosure()
#30 /var/www/html/vendor/laravel/framework/src/Illuminate/Container/BoundMethod.php(37): Illuminate\\Container\\BoundMethod::callBoundMethod()
#31 /var/www/html/vendor/laravel/framework/src/Illuminate/Container/Container.php(653): Illuminate\\Container\\BoundMethod::call()
#32 /var/www/html/vendor/laravel/framework/src/Illuminate/Console/Command.php(136): Illuminate\\Container\\Container->call()
#33 /var/www/html/vendor/symfony/console/Command/Command.php(298): Illuminate\\Console\\Command->execute()
#34 /var/www/html/vendor/laravel/framework/src/Illuminate/Console/Command.php(121): Symfony\\Component\\Console\\Command\\Command->run()
#35 /var/www/html/vendor/symfony/console/Application.php(1040): Illuminate\\Console\\Command->run()
#36 /var/www/html/vendor/symfony/console/Application.php(301): Symfony\\Component\\Console\\Application->doRunCommand()
#37 /var/www/html/vendor/symfony/console/Application.php(171): Symfony\\Component\\Console\\Application->doRun()
#38 /var/www/html/vendor/laravel/framework/src/Illuminate/Console/Application.php(94): Symfony\\Component\\Console\\Application->run()
#39 /var/www/html/vendor/laravel/framework/src/Illuminate/Foundation/Console/Kernel.php(129): Illuminate\\Console\\Application->run()
#40 /var/www/html/artisan(37): Illuminate\\Foundation\\Console\\Kernel->handle()
#41 {main}
"} 
[2023-01-13 09:41:06] local.ERROR: SQLSTATE[HY000] [2002] Connection refused (SQL: create table `migrations` (`id` int unsigned not null auto_increment primary key, `migration` varchar(255) not null, `batch` int not null) default character set utf8mb4 collate 'utf8mb4_unicode_ci') {"exception":"[object] (Illuminate\\Database\\QueryException(code: 2002): SQLSTATE[HY000] [2002] Connection refused (SQL: create table `migrations` (`id` int unsigned not null auto_increment primary key, `migration` varchar(255) not null, `batch` int not null) default character set utf8mb4 collate 'utf8mb4_unicode_ci') at /var/www/html/vendor/laravel/framework/src/Illuminate/Database/Connection.php:712)
[stacktrace]
#0 /var/www/html/vendor/laravel/framework/src/Illuminate/Database/Connection.php(784): Illuminate\\Database\\Connection->runQueryCallback()
#1 /var/www/html/vendor/laravel/framework/src/Illuminate/Database/Connection.php(764): Illuminate\\Database\\Connection->tryAgainIfCausedByLostConnection()
#2 /var/www/html/vendor/laravel/framework/src/Illuminate/Database/Connection.php(675): Illuminate\\Database\\Connection->handleQueryException()
#3 /var/www/html/vendor/laravel/framework/src/Illuminate/Database/Connection.php(502): Illuminate\\Database\\Connection->run()
#4 /var/www/html/vendor/laravel/framework/src/Illuminate/Database/Schema/Blueprint.php(109): Illuminate\\Database\\Connection->statement()
#5 /var/www/html/vendor/laravel/framework/src/Illuminate/Database/Schema/Builder.php(364): Illuminate\\Database\\Schema\\Blueprint->build()
#6 /var/www/html/vendor/laravel/framework/src/Illuminate/Database/Schema/Builder.php(227): Illuminate\\Database\\Schema\\Builder->build()
#7 /var/www/html/vendor/laravel/framework/src/Illuminate/Database/Migrations/DatabaseMigrationRepository.php(157): Illuminate\\Database\\Schema\\Builder->create()
#8 /var/www/html/vendor/laravel/framework/src/Illuminate/Database/Console/Migrations/InstallCommand.php(54): Illuminate\\Database\\Migrations\\DatabaseMigrationRepository->createRepository()
#9 /var/www/html/vendor/laravel/framework/src/Illuminate/Container/BoundMethod.php(36): Illuminate\\Database\\Console\\Migrations\\InstallCommand->handle()
#10 /var/www/html/vendor/laravel/framework/src/Illuminate/Container/Util.php(40): Illuminate\\Container\\BoundMethod::Illuminate\\Container\\{closure}()
#11 /var/www/html/vendor/laravel/framework/src/Illuminate/Container/BoundMethod.php(93): Illuminate\\Container\\Util::unwrapIfClosure()
#12 /var/www/html/vendor/laravel/framework/src/Illuminate/Container/BoundMethod.php(37): Illuminate\\Container\\BoundMethod::callBoundMethod()
#13 /var/www/html/vendor/laravel/framework/src/Illuminate/Container/Container.php(653): Illuminate\\Container\\BoundMethod::call()
#14 /var/www/html/vendor/laravel/framework/src/Illuminate/Console/Command.php(136): Illuminate\\Container\\Container->call()
#15 /var/www/html/vendor/symfony/console/Command/Command.php(298): Illuminate\\Console\\Command->execute()
#16 /var/www/html/vendor/laravel/framework/src/Illuminate/Console/Command.php(121): Symfony\\Component\\Console\\Command\\Command->run()
#17 /var/www/html/vendor/symfony/console/Application.php(1040): Illuminate\\Console\\Command->run()
#18 /var/www/html/vendor/symfony/console/Application.php(301): Symfony\\Component\\Console\\Application->doRunCommand()
#19 /var/www/html/vendor/symfony/console/Application.php(171): Symfony\\Component\\Console\\Application->doRun()
#20 /var/www/html/vendor/laravel/framework/src/Illuminate/Console/Application.php(94): Symfony\\Component\\Console\\Application->run()
#21 /var/www/html/vendor/laravel/framework/src/Illuminate/Foundation/Console/Kernel.php(129): Illuminate\\Console\\Application->run()
#22 /var/www/html/artisan(37): Illuminate\\Foundation\\Console\\Kernel->handle()
#23 {main}

[previous exception] [object] (PDOException(code: 2002): SQLSTATE[HY000] [2002] Connection refused at /var/www/html/vendor/laravel/framework/src/Illuminate/Database/Connectors/Connector.php:70)
[stacktrace]
#0 /var/www/html/vendor/laravel/framework/src/Illuminate/Database/Connectors/Connector.php(70): PDO->__construct()
#1 /var/www/html/vendor/laravel/framework/src/Illuminate/Database/Connectors/Connector.php(100): Illuminate\\Database\\Connectors\\Connector->createPdoConnection()
#2 /var/www/html/vendor/laravel/framework/src/Illuminate/Database/Connectors/Connector.php(50): Illuminate\\Database\\Connectors\\Connector->tryAgainIfCausedByLostConnection()
#3 /var/www/html/vendor/laravel/framework/src/Illuminate/Database/Connectors/MySqlConnector.php(24): Illuminate\\Database\\Connectors\\Connector->createConnection()
#4 /var/www/html/vendor/laravel/framework/src/Illuminate/Database/Connectors/ConnectionFactory.php(184): Illuminate\\Database\\Connectors\\MySqlConnector->connect()
#5 [internal function]: Illuminate\\Database\\Connectors\\ConnectionFactory->Illuminate\\Database\\Connectors\\{closure}()
#6 /var/www/html/vendor/laravel/framework/src/Illuminate/Database/Connection.php(1064): call_user_func()
#7 /var/www/html/vendor/laravel/framework/src/Illuminate/Database/Connection.php(495): Illuminate\\Database\\Connection->getPdo()
#8 /var/www/html/vendor/laravel/framework/src/Illuminate/Database/Connection.php(705): Illuminate\\Database\\Connection->Illuminate\\Database\\{closure}()
#9 /var/www/html/vendor/laravel/framework/src/Illuminate/Database/Connection.php(784): Illuminate\\Database\\Connection->runQueryCallback()
#10 /var/www/html/vendor/laravel/framework/src/Illuminate/Database/Connection.php(764): Illuminate\\Database\\Connection->tryAgainIfCausedByLostConnection()
#11 /var/www/html/vendor/laravel/framework/src/Illuminate/Database/Connection.php(675): Illuminate\\Database\\Connection->handleQueryException()
#12 /var/www/html/vendor/laravel/framework/src/Illuminate/Database/Connection.php(502): Illuminate\\Database\\Connection->run()
#13 /var/www/html/vendor/laravel/framework/src/Illuminate/Database/Schema/Blueprint.php(109): Illuminate\\Database\\Connection->statement()
#14 /var/www/html/vendor/laravel/framework/src/Illuminate/Database/Schema/Builder.php(364): Illuminate\\Database\\Schema\\Blueprint->build()
#15 /var/www/html/vendor/laravel/framework/src/Illuminate/Database/Schema/Builder.php(227): Illuminate\\Database\\Schema\\Builder->build()
#16 /var/www/html/vendor/laravel/framework/src/Illuminate/Database/Migrations/DatabaseMigrationRepository.php(157): Illuminate\\Database\\Schema\\Builder->create()
#17 /var/www/html/vendor/laravel/framework/src/Illuminate/Database/Console/Migrations/InstallCommand.php(54): Illuminate\\Database\\Migrations\\DatabaseMigrationRepository->createRepository()
#18 /var/www/html/vendor/laravel/framework/src/Illuminate/Container/BoundMethod.php(36): Illuminate\\Database\\Console\\Migrations\\InstallCommand->handle()
#19 /var/www/html/vendor/laravel/framework/src/Illuminate/Container/Util.php(40): Illuminate\\Container\\BoundMethod::Illuminate\\Container\\{closure}()
#20 /var/www/html/vendor/laravel/framework/src/Illuminate/Container/BoundMethod.php(93): Illuminate\\Container\\Util::unwrapIfClosure()
#21 /var/www/html/vendor/laravel/framework/src/Illuminate/Container/BoundMethod.php(37): Illuminate\\Container\\BoundMethod::callBoundMethod()
#22 /var/www/html/vendor/laravel/framework/src/Illuminate/Container/Container.php(653): Illuminate\\Container\\BoundMethod::call()
#23 /var/www/html/vendor/laravel/framework/src/Illuminate/Console/Command.php(136): Illuminate\\Container\\Container->call()
#24 /var/www/html/vendor/symfony/console/Command/Command.php(298): Illuminate\\Console\\Command->execute()
#25 /var/www/html/vendor/laravel/framework/src/Illuminate/Console/Command.php(121): Symfony\\Component\\Console\\Command\\Command->run()
#26 /var/www/html/vendor/symfony/console/Application.php(1040): Illuminate\\Console\\Command->run()
#27 /var/www/html/vendor/symfony/console/Application.php(301): Symfony\\Component\\Console\\Application->doRunCommand()
#28 /var/www/html/vendor/symfony/console/Application.php(171): Symfony\\Component\\Console\\Application->doRun()
#29 /var/www/html/vendor/laravel/framework/src/Illuminate/Console/Application.php(94): Symfony\\Component\\Console\\Application->run()
#30 /var/www/html/vendor/laravel/framework/src/Illuminate/Foundation/Console/Kernel.php(129): Illuminate\\Console\\Application->run()
#31 /var/www/html/artisan(37): Illuminate\\Foundation\\Console\\Kernel->handle()
#32 {main}
"} 
[2023-01-13 09:42:35] local.ERROR: SQLSTATE[HY000] [2002] php_network_getaddresses: getaddrinfo for root failed: Name or service not known (SQL: create table `migrations` (`id` int unsigned not null auto_increment primary key, `migration` varchar(255) not null, `batch` int not null) default character set utf8mb4 collate 'utf8mb4_unicode_ci') {"exception":"[object] (Illuminate\\Database\\QueryException(code: 2002): SQLSTATE[HY000] [2002] php_network_getaddresses: getaddrinfo for root failed: Name or service not known (SQL: create table `migrations` (`id` int unsigned not null auto_increment primary key, `migration` varchar(255) not null, `batch` int not null) default character set utf8mb4 collate 'utf8mb4_unicode_ci') at /var/www/html/vendor/laravel/framework/src/Illuminate/Database/Connection.php:712)
[stacktrace]
#0 /var/www/html/vendor/laravel/framework/src/Illuminate/Database/Connection.php(672): Illuminate\\Database\\Connection->runQueryCallback()
#1 /var/www/html/vendor/laravel/framework/src/Illuminate/Database/Connection.php(502): Illuminate\\Database\\Connection->run()
#2 /var/www/html/vendor/laravel/framework/src/Illuminate/Database/Schema/Blueprint.php(109): Illuminate\\Database\\Connection->statement()
#3 /var/www/html/vendor/laravel/framework/src/Illuminate/Database/Schema/Builder.php(364): Illuminate\\Database\\Schema\\Blueprint->build()
#4 /var/www/html/vendor/laravel/framework/src/Illuminate/Database/Schema/Builder.php(227): Illuminate\\Database\\Schema\\Builder->build()
#5 /var/www/html/vendor/laravel/framework/src/Illuminate/Database/Migrations/DatabaseMigrationRepository.php(157): Illuminate\\Database\\Schema\\Builder->create()
#6 /var/www/html/vendor/laravel/framework/src/Illuminate/Database/Console/Migrations/InstallCommand.php(54): Illuminate\\Database\\Migrations\\DatabaseMigrationRepository->createRepository()
#7 /var/www/html/vendor/laravel/framework/src/Illuminate/Container/BoundMethod.php(36): Illuminate\\Database\\Console\\Migrations\\InstallCommand->handle()
#8 /var/www/html/vendor/laravel/framework/src/Illuminate/Container/Util.php(40): Illuminate\\Container\\BoundMethod::Illuminate\\Container\\{closure}()
#9 /var/www/html/vendor/laravel/framework/src/Illuminate/Container/BoundMethod.php(93): Illuminate\\Container\\Util::unwrapIfClosure()
#10 /var/www/html/vendor/laravel/framework/src/Illuminate/Container/BoundMethod.php(37): Illuminate\\Container\\BoundMethod::callBoundMethod()
#11 /var/www/html/vendor/laravel/framework/src/Illuminate/Container/Container.php(653): Illuminate\\Container\\BoundMethod::call()
#12 /var/www/html/vendor/laravel/framework/src/Illuminate/Console/Command.php(136): Illuminate\\Container\\Container->call()
#13 /var/www/html/vendor/symfony/console/Command/Command.php(298): Illuminate\\Console\\Command->execute()
#14 /var/www/html/vendor/laravel/framework/src/Illuminate/Console/Command.php(121): Symfony\\Component\\Console\\Command\\Command->run()
#15 /var/www/html/vendor/symfony/console/Application.php(1040): Illuminate\\Console\\Command->run()
#16 /var/www/html/vendor/symfony/console/Application.php(301): Symfony\\Component\\Console\\Application->doRunCommand()
#17 /var/www/html/vendor/symfony/console/Application.php(171): Symfony\\Component\\Console\\Application->doRun()
#18 /var/www/html/vendor/laravel/framework/src/Illuminate/Console/Application.php(94): Symfony\\Component\\Console\\Application->run()
#19 /var/www/html/vendor/laravel/framework/src/Illuminate/Foundation/Console/Kernel.php(129): Illuminate\\Console\\Application->run()
#20 /var/www/html/artisan(37): Illuminate\\Foundation\\Console\\Kernel->handle()
#21 {main}

[previous exception] [object] (PDOException(code: 2002): SQLSTATE[HY000] [2002] php_network_getaddresses: getaddrinfo for root failed: Name or service not known at /var/www/html/vendor/laravel/framework/src/Illuminate/Database/Connectors/Connector.php:70)
[stacktrace]
#0 /var/www/html/vendor/laravel/framework/src/Illuminate/Database/Connectors/Connector.php(70): PDO->__construct()
#1 /var/www/html/vendor/laravel/framework/src/Illuminate/Database/Connectors/Connector.php(46): Illuminate\\Database\\Connectors\\Connector->createPdoConnection()
#2 /var/www/html/vendor/laravel/framework/src/Illuminate/Database/Connectors/MySqlConnector.php(24): Illuminate\\Database\\Connectors\\Connector->createConnection()
#3 /var/www/html/vendor/laravel/framework/src/Illuminate/Database/Connectors/ConnectionFactory.php(184): Illuminate\\Database\\Connectors\\MySqlConnector->connect()
#4 [internal function]: Illuminate\\Database\\Connectors\\ConnectionFactory->Illuminate\\Database\\Connectors\\{closure}()
#5 /var/www/html/vendor/laravel/framework/src/Illuminate/Database/Connection.php(1064): call_user_func()
#6 /var/www/html/vendor/laravel/framework/src/Illuminate/Database/Connection.php(495): Illuminate\\Database\\Connection->getPdo()
#7 /var/www/html/vendor/laravel/framework/src/Illuminate/Database/Connection.php(705): Illuminate\\Database\\Connection->Illuminate\\Database\\{closure}()
#8 /var/www/html/vendor/laravel/framework/src/Illuminate/Database/Connection.php(672): Illuminate\\Database\\Connection->runQueryCallback()
#9 /var/www/html/vendor/laravel/framework/src/Illuminate/Database/Connection.php(502): Illuminate\\Database\\Connection->run()
#10 /var/www/html/vendor/laravel/framework/src/Illuminate/Database/Schema/Blueprint.php(109): Illuminate\\Database\\Connection->statement()
#11 /var/www/html/vendor/laravel/framework/src/Illuminate/Database/Schema/Builder.php(364): Illuminate\\Database\\Schema\\Blueprint->build()
#12 /var/www/html/vendor/laravel/framework/src/Illuminate/Database/Schema/Builder.php(227): Illuminate\\Database\\Schema\\Builder->build()
#13 /var/www/html/vendor/laravel/framework/src/Illuminate/Database/Migrations/DatabaseMigrationRepository.php(157): Illuminate\\Database\\Schema\\Builder->create()
#14 /var/www/html/vendor/laravel/framework/src/Illuminate/Database/Console/Migrations/InstallCommand.php(54): Illuminate\\Database\\Migrations\\DatabaseMigrationRepository->createRepository()
#15 /var/www/html/vendor/laravel/framework/src/Illuminate/Container/BoundMethod.php(36): Illuminate\\Database\\Console\\Migrations\\InstallCommand->handle()
#16 /var/www/html/vendor/laravel/framework/src/Illuminate/Container/Util.php(40): Illuminate\\Container\\BoundMethod::Illuminate\\Container\\{closure}()
#17 /var/www/html/vendor/laravel/framework/src/Illuminate/Container/BoundMethod.php(93): Illuminate\\Container\\Util::unwrapIfClosure()
#18 /var/www/html/vendor/laravel/framework/src/Illuminate/Container/BoundMethod.php(37): Illuminate\\Container\\BoundMethod::callBoundMethod()
#19 /var/www/html/vendor/laravel/framework/src/Illuminate/Container/Container.php(653): Illuminate\\Container\\BoundMethod::call()
#20 /var/www/html/vendor/laravel/framework/src/Illuminate/Console/Command.php(136): Illuminate\\Container\\Container->call()
#21 /var/www/html/vendor/symfony/console/Command/Command.php(298): Illuminate\\Console\\Command->execute()
#22 /var/www/html/vendor/laravel/framework/src/Illuminate/Console/Command.php(121): Symfony\\Component\\Console\\Command\\Command->run()
#23 /var/www/html/vendor/symfony/console/Application.php(1040): Illuminate\\Console\\Command->run()
#24 /var/www/html/vendor/symfony/console/Application.php(301): Symfony\\Component\\Console\\Application->doRunCommand()
#25 /var/www/html/vendor/symfony/console/Application.php(171): Symfony\\Component\\Console\\Application->doRun()
#26 /var/www/html/vendor/laravel/framework/src/Illuminate/Console/Application.php(94): Symfony\\Component\\Console\\Application->run()
#27 /var/www/html/vendor/laravel/framework/src/Illuminate/Foundation/Console/Kernel.php(129): Illuminate\\Console\\Application->run()
#28 /var/www/html/artisan(37): Illuminate\\Foundation\\Console\\Kernel->handle()
#29 {main}

[previous exception] [object] (PDOException(code: 0): PDO::__construct(): php_network_getaddresses: getaddrinfo for root failed: Name or service not known at /var/www/html/vendor/laravel/framework/src/Illuminate/Database/Connectors/Connector.php:70)
[stacktrace]
#0 /var/www/html/vendor/laravel/framework/src/Illuminate/Database/Connectors/Connector.php(70): PDO->__construct()
#1 /var/www/html/vendor/laravel/framework/src/Illuminate/Database/Connectors/Connector.php(46): Illuminate\\Database\\Connectors\\Connector->createPdoConnection()
#2 /var/www/html/vendor/laravel/framework/src/Illuminate/Database/Connectors/MySqlConnector.php(24): Illuminate\\Database\\Connectors\\Connector->createConnection()
#3 /var/www/html/vendor/laravel/framework/src/Illuminate/Database/Connectors/ConnectionFactory.php(184): Illuminate\\Database\\Connectors\\MySqlConnector->connect()
#4 [internal function]: Illuminate\\Database\\Connectors\\ConnectionFactory->Illuminate\\Database\\Connectors\\{closure}()
#5 /var/www/html/vendor/laravel/framework/src/Illuminate/Database/Connection.php(1064): call_user_func()
#6 /var/www/html/vendor/laravel/framework/src/Illuminate/Database/Connection.php(495): Illuminate\\Database\\Connection->getPdo()
#7 /var/www/html/vendor/laravel/framework/src/Illuminate/Database/Connection.php(705): Illuminate\\Database\\Connection->Illuminate\\Database\\{closure}()
#8 /var/www/html/vendor/laravel/framework/src/Illuminate/Database/Connection.php(672): Illuminate\\Database\\Connection->runQueryCallback()
#9 /var/www/html/vendor/laravel/framework/src/Illuminate/Database/Connection.php(502): Illuminate\\Database\\Connection->run()
#10 /var/www/html/vendor/laravel/framework/src/Illuminate/Database/Schema/Blueprint.php(109): Illuminate\\Database\\Connection->statement()
#11 /var/www/html/vendor/laravel/framework/src/Illuminate/Database/Schema/Builder.php(364): Illuminate\\Database\\Schema\\Blueprint->build()
#12 /var/www/html/vendor/laravel/framework/src/Illuminate/Database/Schema/Builder.php(227): Illuminate\\Database\\Schema\\Builder->build()
#13 /var/www/html/vendor/laravel/framework/src/Illuminate/Database/Migrations/DatabaseMigrationRepository.php(157): Illuminate\\Database\\Schema\\Builder->create()
#14 /var/www/html/vendor/laravel/framework/src/Illuminate/Database/Console/Migrations/InstallCommand.php(54): Illuminate\\Database\\Migrations\\DatabaseMigrationRepository->createRepository()
#15 /var/www/html/vendor/laravel/framework/src/Illuminate/Container/BoundMethod.php(36): Illuminate\\Database\\Console\\Migrations\\InstallCommand->handle()
#16 /var/www/html/vendor/laravel/framework/src/Illuminate/Container/Util.php(40): Illuminate\\Container\\BoundMethod::Illuminate\\Container\\{closure}()
#17 /var/www/html/vendor/laravel/framework/src/Illuminate/Container/BoundMethod.php(93): Illuminate\\Container\\Util::unwrapIfClosure()
#18 /var/www/html/vendor/laravel/framework/src/Illuminate/Container/BoundMethod.php(37): Illuminate\\Container\\BoundMethod::callBoundMethod()
#19 /var/www/html/vendor/laravel/framework/src/Illuminate/Container/Container.php(653): Illuminate\\Container\\BoundMethod::call()
#20 /var/www/html/vendor/laravel/framework/src/Illuminate/Console/Command.php(136): Illuminate\\Container\\Container->call()
#21 /var/www/html/vendor/symfony/console/Command/Command.php(298): Illuminate\\Console\\Command->execute()
#22 /var/www/html/vendor/laravel/framework/src/Illuminate/Console/Command.php(121): Symfony\\Component\\Console\\Command\\Command->run()
#23 /var/www/html/vendor/symfony/console/Application.php(1040): Illuminate\\Console\\Command->run()
#24 /var/www/html/vendor/symfony/console/Application.php(301): Symfony\\Component\\Console\\Application->doRunCommand()
#25 /var/www/html/vendor/symfony/console/Application.php(171): Symfony\\Component\\Console\\Application->doRun()
#26 /var/www/html/vendor/laravel/framework/src/Illuminate/Console/Application.php(94): Symfony\\Component\\Console\\Application->run()
#27 /var/www/html/vendor/laravel/framework/src/Illuminate/Foundation/Console/Kernel.php(129): Illuminate\\Console\\Application->run()
#28 /var/www/html/artisan(37): Illuminate\\Foundation\\Console\\Kernel->handle()
#29 {main}
"} 
[2023-01-13 09:42:59] local.ERROR: SQLSTATE[HY000] [2002] php_network_getaddresses: getaddrinfo for root failed: Name or service not known (SQL: select * from information_schema.tables where table_schema = pagespeed_insights and table_name = migrations and table_type = 'BASE TABLE') {"exception":"[object] (Illuminate\\Database\\QueryException(code: 2002): SQLSTATE[HY000] [2002] php_network_getaddresses: getaddrinfo for root failed: Name or service not known (SQL: select * from information_schema.tables where table_schema = pagespeed_insights and table_name = migrations and table_type = 'BASE TABLE') at /var/www/html/vendor/laravel/framework/src/Illuminate/Database/Connection.php:712)
[stacktrace]
#0 /var/www/html/vendor/laravel/framework/src/Illuminate/Database/Connection.php(672): Illuminate\\Database\\Connection->runQueryCallback()
#1 /var/www/html/vendor/laravel/framework/src/Illuminate/Database/Connection.php(376): Illuminate\\Database\\Connection->run()
#2 /var/www/html/vendor/laravel/framework/src/Illuminate/Database/Schema/MySqlBuilder.php(44): Illuminate\\Database\\Connection->select()
#3 /var/www/html/vendor/laravel/framework/src/Illuminate/Database/Migrations/DatabaseMigrationRepository.php(169): Illuminate\\Database\\Schema\\MySqlBuilder->hasTable()
#4 /var/www/html/vendor/laravel/framework/src/Illuminate/Database/Migrations/Migrator.php(673): Illuminate\\Database\\Migrations\\DatabaseMigrationRepository->repositoryExists()
#5 /var/www/html/vendor/laravel/framework/src/Illuminate/Database/Console/Migrations/MigrateCommand.php(110): Illuminate\\Database\\Migrations\\Migrator->repositoryExists()
#6 /var/www/html/vendor/laravel/framework/src/Illuminate/Database/Console/Migrations/MigrateCommand.php(78): Illuminate\\Database\\Console\\Migrations\\MigrateCommand->prepareDatabase()
#7 /var/www/html/vendor/laravel/framework/src/Illuminate/Database/Migrations/Migrator.php(606): Illuminate\\Database\\Console\\Migrations\\MigrateCommand->Illuminate\\Database\\Console\\Migrations\\{closure}()
#8 /var/www/html/vendor/laravel/framework/src/Illuminate/Database/Console/Migrations/MigrateCommand.php(98): Illuminate\\Database\\Migrations\\Migrator->usingConnection()
#9 /var/www/html/vendor/laravel/framework/src/Illuminate/Container/BoundMethod.php(36): Illuminate\\Database\\Console\\Migrations\\MigrateCommand->handle()
#10 /var/www/html/vendor/laravel/framework/src/Illuminate/Container/Util.php(40): Illuminate\\Container\\BoundMethod::Illuminate\\Container\\{closure}()
#11 /var/www/html/vendor/laravel/framework/src/Illuminate/Container/BoundMethod.php(93): Illuminate\\Container\\Util::unwrapIfClosure()
#12 /var/www/html/vendor/laravel/framework/src/Illuminate/Container/BoundMethod.php(37): Illuminate\\Container\\BoundMethod::callBoundMethod()
#13 /var/www/html/vendor/laravel/framework/src/Illuminate/Container/Container.php(653): Illuminate\\Container\\BoundMethod::call()
#14 /var/www/html/vendor/laravel/framework/src/Illuminate/Console/Command.php(136): Illuminate\\Container\\Container->call()
#15 /var/www/html/vendor/symfony/console/Command/Command.php(298): Illuminate\\Console\\Command->execute()
#16 /var/www/html/vendor/laravel/framework/src/Illuminate/Console/Command.php(121): Symfony\\Component\\Console\\Command\\Command->run()
#17 /var/www/html/vendor/symfony/console/Application.php(1040): Illuminate\\Console\\Command->run()
#18 /var/www/html/vendor/symfony/console/Application.php(301): Symfony\\Component\\Console\\Application->doRunCommand()
#19 /var/www/html/vendor/symfony/console/Application.php(171): Symfony\\Component\\Console\\Application->doRun()
#20 /var/www/html/vendor/laravel/framework/src/Illuminate/Console/Application.php(94): Symfony\\Component\\Console\\Application->run()
#21 /var/www/html/vendor/laravel/framework/src/Illuminate/Foundation/Console/Kernel.php(129): Illuminate\\Console\\Application->run()
#22 /var/www/html/artisan(37): Illuminate\\Foundation\\Console\\Kernel->handle()
#23 {main}

[previous exception] [object] (PDOException(code: 2002): SQLSTATE[HY000] [2002] php_network_getaddresses: getaddrinfo for root failed: Name or service not known at /var/www/html/vendor/laravel/framework/src/Illuminate/Database/Connectors/Connector.php:70)
[stacktrace]
#0 /var/www/html/vendor/laravel/framework/src/Illuminate/Database/Connectors/Connector.php(70): PDO->__construct()
#1 /var/www/html/vendor/laravel/framework/src/Illuminate/Database/Connectors/Connector.php(46): Illuminate\\Database\\Connectors\\Connector->createPdoConnection()
#2 /var/www/html/vendor/laravel/framework/src/Illuminate/Database/Connectors/MySqlConnector.php(24): Illuminate\\Database\\Connectors\\Connector->createConnection()
#3 /var/www/html/vendor/laravel/framework/src/Illuminate/Database/Connectors/ConnectionFactory.php(184): Illuminate\\Database\\Connectors\\MySqlConnector->connect()
#4 [internal function]: Illuminate\\Database\\Connectors\\ConnectionFactory->Illuminate\\Database\\Connectors\\{closure}()
#5 /var/www/html/vendor/laravel/framework/src/Illuminate/Database/Connection.php(1064): call_user_func()
#6 /var/www/html/vendor/laravel/framework/src/Illuminate/Database/Connection.php(1100): Illuminate\\Database\\Connection->getPdo()
#7 /var/www/html/vendor/laravel/framework/src/Illuminate/Database/Connection.php(442): Illuminate\\Database\\Connection->getReadPdo()
#8 /var/www/html/vendor/laravel/framework/src/Illuminate/Database/Connection.php(368): Illuminate\\Database\\Connection->getPdoForSelect()
#9 /var/www/html/vendor/laravel/framework/src/Illuminate/Database/Connection.php(705): Illuminate\\Database\\Connection->Illuminate\\Database\\{closure}()
#10 /var/www/html/vendor/laravel/framework/src/Illuminate/Database/Connection.php(672): Illuminate\\Database\\Connection->runQueryCallback()
#11 /var/www/html/vendor/laravel/framework/src/Illuminate/Database/Connection.php(376): Illuminate\\Database\\Connection->run()
#12 /var/www/html/vendor/laravel/framework/src/Illuminate/Database/Schema/MySqlBuilder.php(44): Illuminate\\Database\\Connection->select()
#13 /var/www/html/vendor/laravel/framework/src/Illuminate/Database/Migrations/DatabaseMigrationRepository.php(169): Illuminate\\Database\\Schema\\MySqlBuilder->hasTable()
#14 /var/www/html/vendor/laravel/framework/src/Illuminate/Database/Migrations/Migrator.php(673): Illuminate\\Database\\Migrations\\DatabaseMigrationRepository->repositoryExists()
#15 /var/www/html/vendor/laravel/framework/src/Illuminate/Database/Console/Migrations/MigrateCommand.php(110): Illuminate\\Database\\Migrations\\Migrator->repositoryExists()
#16 /var/www/html/vendor/laravel/framework/src/Illuminate/Database/Console/Migrations/MigrateCommand.php(78): Illuminate\\Database\\Console\\Migrations\\MigrateCommand->prepareDatabase()
#17 /var/www/html/vendor/laravel/framework/src/Illuminate/Database/Migrations/Migrator.php(606): Illuminate\\Database\\Console\\Migrations\\MigrateCommand->Illuminate\\Database\\Console\\Migrations\\{closure}()
#18 /var/www/html/vendor/laravel/framework/src/Illuminate/Database/Console/Migrations/MigrateCommand.php(98): Illuminate\\Database\\Migrations\\Migrator->usingConnection()
#19 /var/www/html/vendor/laravel/framework/src/Illuminate/Container/BoundMethod.php(36): Illuminate\\Database\\Console\\Migrations\\MigrateCommand->handle()
#20 /var/www/html/vendor/laravel/framework/src/Illuminate/Container/Util.php(40): Illuminate\\Container\\BoundMethod::Illuminate\\Container\\{closure}()
#21 /var/www/html/vendor/laravel/framework/src/Illuminate/Container/BoundMethod.php(93): Illuminate\\Container\\Util::unwrapIfClosure()
#22 /var/www/html/vendor/laravel/framework/src/Illuminate/Container/BoundMethod.php(37): Illuminate\\Container\\BoundMethod::callBoundMethod()
#23 /var/www/html/vendor/laravel/framework/src/Illuminate/Container/Container.php(653): Illuminate\\Container\\BoundMethod::call()
#24 /var/www/html/vendor/laravel/framework/src/Illuminate/Console/Command.php(136): Illuminate\\Container\\Container->call()
#25 /var/www/html/vendor/symfony/console/Command/Command.php(298): Illuminate\\Console\\Command->execute()
#26 /var/www/html/vendor/laravel/framework/src/Illuminate/Console/Command.php(121): Symfony\\Component\\Console\\Command\\Command->run()
#27 /var/www/html/vendor/symfony/console/Application.php(1040): Illuminate\\Console\\Command->run()
#28 /var/www/html/vendor/symfony/console/Application.php(301): Symfony\\Component\\Console\\Application->doRunCommand()
#29 /var/www/html/vendor/symfony/console/Application.php(171): Symfony\\Component\\Console\\Application->doRun()
#30 /var/www/html/vendor/laravel/framework/src/Illuminate/Console/Application.php(94): Symfony\\Component\\Console\\Application->run()
#31 /var/www/html/vendor/laravel/framework/src/Illuminate/Foundation/Console/Kernel.php(129): Illuminate\\Console\\Application->run()
#32 /var/www/html/artisan(37): Illuminate\\Foundation\\Console\\Kernel->handle()
#33 {main}

[previous exception] [object] (PDOException(code: 0): PDO::__construct(): php_network_getaddresses: getaddrinfo for root failed: Name or service not known at /var/www/html/vendor/laravel/framework/src/Illuminate/Database/Connectors/Connector.php:70)
[stacktrace]
#0 /var/www/html/vendor/laravel/framework/src/Illuminate/Database/Connectors/Connector.php(70): PDO->__construct()
#1 /var/www/html/vendor/laravel/framework/src/Illuminate/Database/Connectors/Connector.php(46): Illuminate\\Database\\Connectors\\Connector->createPdoConnection()
#2 /var/www/html/vendor/laravel/framework/src/Illuminate/Database/Connectors/MySqlConnector.php(24): Illuminate\\Database\\Connectors\\Connector->createConnection()
#3 /var/www/html/vendor/laravel/framework/src/Illuminate/Database/Connectors/ConnectionFactory.php(184): Illuminate\\Database\\Connectors\\MySqlConnector->connect()
#4 [internal function]: Illuminate\\Database\\Connectors\\ConnectionFactory->Illuminate\\Database\\Connectors\\{closure}()
#5 /var/www/html/vendor/laravel/framework/src/Illuminate/Database/Connection.php(1064): call_user_func()
#6 /var/www/html/vendor/laravel/framework/src/Illuminate/Database/Connection.php(1100): Illuminate\\Database\\Connection->getPdo()
#7 /var/www/html/vendor/laravel/framework/src/Illuminate/Database/Connection.php(442): Illuminate\\Database\\Connection->getReadPdo()
#8 /var/www/html/vendor/laravel/framework/src/Illuminate/Database/Connection.php(368): Illuminate\\Database\\Connection->getPdoForSelect()
#9 /var/www/html/vendor/laravel/framework/src/Illuminate/Database/Connection.php(705): Illuminate\\Database\\Connection->Illuminate\\Database\\{closure}()
#10 /var/www/html/vendor/laravel/framework/src/Illuminate/Database/Connection.php(672): Illuminate\\Database\\Connection->runQueryCallback()
#11 /var/www/html/vendor/laravel/framework/src/Illuminate/Database/Connection.php(376): Illuminate\\Database\\Connection->run()
#12 /var/www/html/vendor/laravel/framework/src/Illuminate/Database/Schema/MySqlBuilder.php(44): Illuminate\\Database\\Connection->select()
#13 /var/www/html/vendor/laravel/framework/src/Illuminate/Database/Migrations/DatabaseMigrationRepository.php(169): Illuminate\\Database\\Schema\\MySqlBuilder->hasTable()
#14 /var/www/html/vendor/laravel/framework/src/Illuminate/Database/Migrations/Migrator.php(673): Illuminate\\Database\\Migrations\\DatabaseMigrationRepository->repositoryExists()
#15 /var/www/html/vendor/laravel/framework/src/Illuminate/Database/Console/Migrations/MigrateCommand.php(110): Illuminate\\Database\\Migrations\\Migrator->repositoryExists()
#16 /var/www/html/vendor/laravel/framework/src/Illuminate/Database/Console/Migrations/MigrateCommand.php(78): Illuminate\\Database\\Console\\Migrations\\MigrateCommand->prepareDatabase()
#17 /var/www/html/vendor/laravel/framework/src/Illuminate/Database/Migrations/Migrator.php(606): Illuminate\\Database\\Console\\Migrations\\MigrateCommand->Illuminate\\Database\\Console\\Migrations\\{closure}()
#18 /var/www/html/vendor/laravel/framework/src/Illuminate/Database/Console/Migrations/MigrateCommand.php(98): Illuminate\\Database\\Migrations\\Migrator->usingConnection()
#19 /var/www/html/vendor/laravel/framework/src/Illuminate/Container/BoundMethod.php(36): Illuminate\\Database\\Console\\Migrations\\MigrateCommand->handle()
#20 /var/www/html/vendor/laravel/framework/src/Illuminate/Container/Util.php(40): Illuminate\\Container\\BoundMethod::Illuminate\\Container\\{closure}()
#21 /var/www/html/vendor/laravel/framework/src/Illuminate/Container/BoundMethod.php(93): Illuminate\\Container\\Util::unwrapIfClosure()
#22 /var/www/html/vendor/laravel/framework/src/Illuminate/Container/BoundMethod.php(37): Illuminate\\Container\\BoundMethod::callBoundMethod()
#23 /var/www/html/vendor/laravel/framework/src/Illuminate/Container/Container.php(653): Illuminate\\Container\\BoundMethod::call()
#24 /var/www/html/vendor/laravel/framework/src/Illuminate/Console/Command.php(136): Illuminate\\Container\\Container->call()
#25 /var/www/html/vendor/symfony/console/Command/Command.php(298): Illuminate\\Console\\Command->execute()
#26 /var/www/html/vendor/laravel/framework/src/Illuminate/Console/Command.php(121): Symfony\\Component\\Console\\Command\\Command->run()
#27 /var/www/html/vendor/symfony/console/Application.php(1040): Illuminate\\Console\\Command->run()
#28 /var/www/html/vendor/symfony/console/Application.php(301): Symfony\\Component\\Console\\Application->doRunCommand()
#29 /var/www/html/vendor/symfony/console/Application.php(171): Symfony\\Component\\Console\\Application->doRun()
#30 /var/www/html/vendor/laravel/framework/src/Illuminate/Console/Application.php(94): Symfony\\Component\\Console\\Application->run()
#31 /var/www/html/vendor/laravel/framework/src/Illuminate/Foundation/Console/Kernel.php(129): Illuminate\\Console\\Application->run()
#32 /var/www/html/artisan(37): Illuminate\\Foundation\\Console\\Kernel->handle()
#33 {main}
"} 
[2023-01-13 09:43:28] local.ERROR: SQLSTATE[HY000] [2002] No such file or directory (SQL: create table `migrations` (`id` int unsigned not null auto_increment primary key, `migration` varchar(255) not null, `batch` int not null) default character set utf8mb4 collate 'utf8mb4_unicode_ci') {"exception":"[object] (Illuminate\\Database\\QueryException(code: 2002): SQLSTATE[HY000] [2002] No such file or directory (SQL: create table `migrations` (`id` int unsigned not null auto_increment primary key, `migration` varchar(255) not null, `batch` int not null) default character set utf8mb4 collate 'utf8mb4_unicode_ci') at /var/www/html/vendor/laravel/framework/src/Illuminate/Database/Connection.php:712)
[stacktrace]
#0 /var/www/html/vendor/laravel/framework/src/Illuminate/Database/Connection.php(672): Illuminate\\Database\\Connection->runQueryCallback()
#1 /var/www/html/vendor/laravel/framework/src/Illuminate/Database/Connection.php(502): Illuminate\\Database\\Connection->run()
#2 /var/www/html/vendor/laravel/framework/src/Illuminate/Database/Schema/Blueprint.php(109): Illuminate\\Database\\Connection->statement()
#3 /var/www/html/vendor/laravel/framework/src/Illuminate/Database/Schema/Builder.php(364): Illuminate\\Database\\Schema\\Blueprint->build()
#4 /var/www/html/vendor/laravel/framework/src/Illuminate/Database/Schema/Builder.php(227): Illuminate\\Database\\Schema\\Builder->build()
#5 /var/www/html/vendor/laravel/framework/src/Illuminate/Database/Migrations/DatabaseMigrationRepository.php(157): Illuminate\\Database\\Schema\\Builder->create()
#6 /var/www/html/vendor/laravel/framework/src/Illuminate/Database/Console/Migrations/InstallCommand.php(54): Illuminate\\Database\\Migrations\\DatabaseMigrationRepository->createRepository()
#7 /var/www/html/vendor/laravel/framework/src/Illuminate/Container/BoundMethod.php(36): Illuminate\\Database\\Console\\Migrations\\InstallCommand->handle()
#8 /var/www/html/vendor/laravel/framework/src/Illuminate/Container/Util.php(40): Illuminate\\Container\\BoundMethod::Illuminate\\Container\\{closure}()
#9 /var/www/html/vendor/laravel/framework/src/Illuminate/Container/BoundMethod.php(93): Illuminate\\Container\\Util::unwrapIfClosure()
#10 /var/www/html/vendor/laravel/framework/src/Illuminate/Container/BoundMethod.php(37): Illuminate\\Container\\BoundMethod::callBoundMethod()
#11 /var/www/html/vendor/laravel/framework/src/Illuminate/Container/Container.php(653): Illuminate\\Container\\BoundMethod::call()
#12 /var/www/html/vendor/laravel/framework/src/Illuminate/Console/Command.php(136): Illuminate\\Container\\Container->call()
#13 /var/www/html/vendor/symfony/console/Command/Command.php(298): Illuminate\\Console\\Command->execute()
#14 /var/www/html/vendor/laravel/framework/src/Illuminate/Console/Command.php(121): Symfony\\Component\\Console\\Command\\Command->run()
#15 /var/www/html/vendor/symfony/console/Application.php(1040): Illuminate\\Console\\Command->run()
#16 /var/www/html/vendor/symfony/console/Application.php(301): Symfony\\Component\\Console\\Application->doRunCommand()
#17 /var/www/html/vendor/symfony/console/Application.php(171): Symfony\\Component\\Console\\Application->doRun()
#18 /var/www/html/vendor/laravel/framework/src/Illuminate/Console/Application.php(94): Symfony\\Component\\Console\\Application->run()
#19 /var/www/html/vendor/laravel/framework/src/Illuminate/Foundation/Console/Kernel.php(129): Illuminate\\Console\\Application->run()
#20 /var/www/html/artisan(37): Illuminate\\Foundation\\Console\\Kernel->handle()
#21 {main}

[previous exception] [object] (PDOException(code: 2002): SQLSTATE[HY000] [2002] No such file or directory at /var/www/html/vendor/laravel/framework/src/Illuminate/Database/Connectors/Connector.php:70)
[stacktrace]
#0 /var/www/html/vendor/laravel/framework/src/Illuminate/Database/Connectors/Connector.php(70): PDO->__construct()
#1 /var/www/html/vendor/laravel/framework/src/Illuminate/Database/Connectors/Connector.php(46): Illuminate\\Database\\Connectors\\Connector->createPdoConnection()
#2 /var/www/html/vendor/laravel/framework/src/Illuminate/Database/Connectors/MySqlConnector.php(24): Illuminate\\Database\\Connectors\\Connector->createConnection()
#3 /var/www/html/vendor/laravel/framework/src/Illuminate/Database/Connectors/ConnectionFactory.php(184): Illuminate\\Database\\Connectors\\MySqlConnector->connect()
#4 [internal function]: Illuminate\\Database\\Connectors\\ConnectionFactory->Illuminate\\Database\\Connectors\\{closure}()
#5 /var/www/html/vendor/laravel/framework/src/Illuminate/Database/Connection.php(1064): call_user_func()
#6 /var/www/html/vendor/laravel/framework/src/Illuminate/Database/Connection.php(495): Illuminate\\Database\\Connection->getPdo()
#7 /var/www/html/vendor/laravel/framework/src/Illuminate/Database/Connection.php(705): Illuminate\\Database\\Connection->Illuminate\\Database\\{closure}()
#8 /var/www/html/vendor/laravel/framework/src/Illuminate/Database/Connection.php(672): Illuminate\\Database\\Connection->runQueryCallback()
#9 /var/www/html/vendor/laravel/framework/src/Illuminate/Database/Connection.php(502): Illuminate\\Database\\Connection->run()
#10 /var/www/html/vendor/laravel/framework/src/Illuminate/Database/Schema/Blueprint.php(109): Illuminate\\Database\\Connection->statement()
#11 /var/www/html/vendor/laravel/framework/src/Illuminate/Database/Schema/Builder.php(364): Illuminate\\Database\\Schema\\Blueprint->build()
#12 /var/www/html/vendor/laravel/framework/src/Illuminate/Database/Schema/Builder.php(227): Illuminate\\Database\\Schema\\Builder->build()
#13 /var/www/html/vendor/laravel/framework/src/Illuminate/Database/Migrations/DatabaseMigrationRepository.php(157): Illuminate\\Database\\Schema\\Builder->create()
#14 /var/www/html/vendor/laravel/framework/src/Illuminate/Database/Console/Migrations/InstallCommand.php(54): Illuminate\\Database\\Migrations\\DatabaseMigrationRepository->createRepository()
#15 /var/www/html/vendor/laravel/framework/src/Illuminate/Container/BoundMethod.php(36): Illuminate\\Database\\Console\\Migrations\\InstallCommand->handle()
#16 /var/www/html/vendor/laravel/framework/src/Illuminate/Container/Util.php(40): Illuminate\\Container\\BoundMethod::Illuminate\\Container\\{closure}()
#17 /var/www/html/vendor/laravel/framework/src/Illuminate/Container/BoundMethod.php(93): Illuminate\\Container\\Util::unwrapIfClosure()
#18 /var/www/html/vendor/laravel/framework/src/Illuminate/Container/BoundMethod.php(37): Illuminate\\Container\\BoundMethod::callBoundMethod()
#19 /var/www/html/vendor/laravel/framework/src/Illuminate/Container/Container.php(653): Illuminate\\Container\\BoundMethod::call()
#20 /var/www/html/vendor/laravel/framework/src/Illuminate/Console/Command.php(136): Illuminate\\Container\\Container->call()
#21 /var/www/html/vendor/symfony/console/Command/Command.php(298): Illuminate\\Console\\Command->execute()
#22 /var/www/html/vendor/laravel/framework/src/Illuminate/Console/Command.php(121): Symfony\\Component\\Console\\Command\\Command->run()
#23 /var/www/html/vendor/symfony/console/Application.php(1040): Illuminate\\Console\\Command->run()
#24 /var/www/html/vendor/symfony/console/Application.php(301): Symfony\\Component\\Console\\Application->doRunCommand()
#25 /var/www/html/vendor/symfony/console/Application.php(171): Symfony\\Component\\Console\\Application->doRun()
#26 /var/www/html/vendor/laravel/framework/src/Illuminate/Console/Application.php(94): Symfony\\Component\\Console\\Application->run()
#27 /var/www/html/vendor/laravel/framework/src/Illuminate/Foundation/Console/Kernel.php(129): Illuminate\\Console\\Application->run()
#28 /var/www/html/artisan(37): Illuminate\\Foundation\\Console\\Kernel->handle()
#29 {main}
"} 
[2023-01-13 09:47:30] local.ERROR: A CreateUsersTable class already exists. {"exception":"[object] (InvalidArgumentException(code: 0): A CreateUsersTable class already exists. at /var/www/html/vendor/laravel/framework/src/Illuminate/Database/Migrations/MigrationCreator.php:102)
[stacktrace]
#0 /var/www/html/vendor/laravel/framework/src/Illuminate/Database/Migrations/MigrationCreator.php(59): Illuminate\\Database\\Migrations\\MigrationCreator->ensureMigrationDoesntAlreadyExist()
#1 /var/www/html/vendor/laravel/framework/src/Illuminate/Database/Console/Migrations/MigrateMakeCommand.php(110): Illuminate\\Database\\Migrations\\MigrationCreator->create()
#2 /var/www/html/vendor/laravel/framework/src/Illuminate/Database/Console/Migrations/MigrateMakeCommand.php(94): Illuminate\\Database\\Console\\Migrations\\MigrateMakeCommand->writeMigration()
#3 /var/www/html/vendor/laravel/framework/src/Illuminate/Container/BoundMethod.php(36): Illuminate\\Database\\Console\\Migrations\\MigrateMakeCommand->handle()
#4 /var/www/html/vendor/laravel/framework/src/Illuminate/Container/Util.php(40): Illuminate\\Container\\BoundMethod::Illuminate\\Container\\{closure}()
#5 /var/www/html/vendor/laravel/framework/src/Illuminate/Container/BoundMethod.php(93): Illuminate\\Container\\Util::unwrapIfClosure()
#6 /var/www/html/vendor/laravel/framework/src/Illuminate/Container/BoundMethod.php(37): Illuminate\\Container\\BoundMethod::callBoundMethod()
#7 /var/www/html/vendor/laravel/framework/src/Illuminate/Container/Container.php(653): Illuminate\\Container\\BoundMethod::call()
#8 /var/www/html/vendor/laravel/framework/src/Illuminate/Console/Command.php(136): Illuminate\\Container\\Container->call()
#9 /var/www/html/vendor/symfony/console/Command/Command.php(298): Illuminate\\Console\\Command->execute()
#10 /var/www/html/vendor/laravel/framework/src/Illuminate/Console/Command.php(121): Symfony\\Component\\Console\\Command\\Command->run()
#11 /var/www/html/vendor/symfony/console/Application.php(1040): Illuminate\\Console\\Command->run()
#12 /var/www/html/vendor/symfony/console/Application.php(301): Symfony\\Component\\Console\\Application->doRunCommand()
#13 /var/www/html/vendor/symfony/console/Application.php(171): Symfony\\Component\\Console\\Application->doRun()
#14 /var/www/html/vendor/laravel/framework/src/Illuminate/Console/Application.php(94): Symfony\\Component\\Console\\Application->run()
#15 /var/www/html/vendor/laravel/framework/src/Illuminate/Foundation/Console/Kernel.php(129): Illuminate\\Console\\Application->run()
#16 /var/www/html/artisan(37): Illuminate\\Foundation\\Console\\Kernel->handle()
#17 {main}
"} 
[2023-01-13 09:49:56] local.ERROR: SQLSTATE[HY000] [1045] Access denied for user 'root'@'172.18.0.3' (using password: NO) (SQL: create table `migrations` (`id` int unsigned not null auto_increment primary key, `migration` varchar(255) not null, `batch` int not null) default character set utf8mb4 collate 'utf8mb4_unicode_ci') {"exception":"[object] (Illuminate\\Database\\QueryException(code: 1045): SQLSTATE[HY000] [1045] Access denied for user 'root'@'172.18.0.3' (using password: NO) (SQL: create table `migrations` (`id` int unsigned not null auto_increment primary key, `migration` varchar(255) not null, `batch` int not null) default character set utf8mb4 collate 'utf8mb4_unicode_ci') at /var/www/html/vendor/laravel/framework/src/Illuminate/Database/Connection.php:712)
[stacktrace]
#0 /var/www/html/vendor/laravel/framework/src/Illuminate/Database/Connection.php(672): Illuminate\\Database\\Connection->runQueryCallback()
#1 /var/www/html/vendor/laravel/framework/src/Illuminate/Database/Connection.php(502): Illuminate\\Database\\Connection->run()
#2 /var/www/html/vendor/laravel/framework/src/Illuminate/Database/Schema/Blueprint.php(109): Illuminate\\Database\\Connection->statement()
#3 /var/www/html/vendor/laravel/framework/src/Illuminate/Database/Schema/Builder.php(364): Illuminate\\Database\\Schema\\Blueprint->build()
#4 /var/www/html/vendor/laravel/framework/src/Illuminate/Database/Schema/Builder.php(227): Illuminate\\Database\\Schema\\Builder->build()
#5 /var/www/html/vendor/laravel/framework/src/Illuminate/Database/Migrations/DatabaseMigrationRepository.php(157): Illuminate\\Database\\Schema\\Builder->create()
#6 /var/www/html/vendor/laravel/framework/src/Illuminate/Database/Console/Migrations/InstallCommand.php(54): Illuminate\\Database\\Migrations\\DatabaseMigrationRepository->createRepository()
#7 /var/www/html/vendor/laravel/framework/src/Illuminate/Container/BoundMethod.php(36): Illuminate\\Database\\Console\\Migrations\\InstallCommand->handle()
#8 /var/www/html/vendor/laravel/framework/src/Illuminate/Container/Util.php(40): Illuminate\\Container\\BoundMethod::Illuminate\\Container\\{closure}()
#9 /var/www/html/vendor/laravel/framework/src/Illuminate/Container/BoundMethod.php(93): Illuminate\\Container\\Util::unwrapIfClosure()
#10 /var/www/html/vendor/laravel/framework/src/Illuminate/Container/BoundMethod.php(37): Illuminate\\Container\\BoundMethod::callBoundMethod()
#11 /var/www/html/vendor/laravel/framework/src/Illuminate/Container/Container.php(653): Illuminate\\Container\\BoundMethod::call()
#12 /var/www/html/vendor/laravel/framework/src/Illuminate/Console/Command.php(136): Illuminate\\Container\\Container->call()
#13 /var/www/html/vendor/symfony/console/Command/Command.php(298): Illuminate\\Console\\Command->execute()
#14 /var/www/html/vendor/laravel/framework/src/Illuminate/Console/Command.php(121): Symfony\\Component\\Console\\Command\\Command->run()
#15 /var/www/html/vendor/symfony/console/Application.php(1040): Illuminate\\Console\\Command->run()
#16 /var/www/html/vendor/symfony/console/Application.php(301): Symfony\\Component\\Console\\Application->doRunCommand()
#17 /var/www/html/vendor/symfony/console/Application.php(171): Symfony\\Component\\Console\\Application->doRun()
#18 /var/www/html/vendor/laravel/framework/src/Illuminate/Console/Application.php(94): Symfony\\Component\\Console\\Application->run()
#19 /var/www/html/vendor/laravel/framework/src/Illuminate/Foundation/Console/Kernel.php(129): Illuminate\\Console\\Application->run()
#20 /var/www/html/artisan(37): Illuminate\\Foundation\\Console\\Kernel->handle()
#21 {main}

[previous exception] [object] (PDOException(code: 1045): SQLSTATE[HY000] [1045] Access denied for user 'root'@'172.18.0.3' (using password: NO) at /var/www/html/vendor/laravel/framework/src/Illuminate/Database/Connectors/Connector.php:70)
[stacktrace]
#0 /var/www/html/vendor/laravel/framework/src/Illuminate/Database/Connectors/Connector.php(70): PDO->__construct()
#1 /var/www/html/vendor/laravel/framework/src/Illuminate/Database/Connectors/Connector.php(46): Illuminate\\Database\\Connectors\\Connector->createPdoConnection()
#2 /var/www/html/vendor/laravel/framework/src/Illuminate/Database/Connectors/MySqlConnector.php(24): Illuminate\\Database\\Connectors\\Connector->createConnection()
#3 /var/www/html/vendor/laravel/framework/src/Illuminate/Database/Connectors/ConnectionFactory.php(184): Illuminate\\Database\\Connectors\\MySqlConnector->connect()
#4 [internal function]: Illuminate\\Database\\Connectors\\ConnectionFactory->Illuminate\\Database\\Connectors\\{closure}()
#5 /var/www/html/vendor/laravel/framework/src/Illuminate/Database/Connection.php(1064): call_user_func()
#6 /var/www/html/vendor/laravel/framework/src/Illuminate/Database/Connection.php(495): Illuminate\\Database\\Connection->getPdo()
#7 /var/www/html/vendor/laravel/framework/src/Illuminate/Database/Connection.php(705): Illuminate\\Database\\Connection->Illuminate\\Database\\{closure}()
#8 /var/www/html/vendor/laravel/framework/src/Illuminate/Database/Connection.php(672): Illuminate\\Database\\Connection->runQueryCallback()
#9 /var/www/html/vendor/laravel/framework/src/Illuminate/Database/Connection.php(502): Illuminate\\Database\\Connection->run()
#10 /var/www/html/vendor/laravel/framework/src/Illuminate/Database/Schema/Blueprint.php(109): Illuminate\\Database\\Connection->statement()
#11 /var/www/html/vendor/laravel/framework/src/Illuminate/Database/Schema/Builder.php(364): Illuminate\\Database\\Schema\\Blueprint->build()
#12 /var/www/html/vendor/laravel/framework/src/Illuminate/Database/Schema/Builder.php(227): Illuminate\\Database\\Schema\\Builder->build()
#13 /var/www/html/vendor/laravel/framework/src/Illuminate/Database/Migrations/DatabaseMigrationRepository.php(157): Illuminate\\Database\\Schema\\Builder->create()
#14 /var/www/html/vendor/laravel/framework/src/Illuminate/Database/Console/Migrations/InstallCommand.php(54): Illuminate\\Database\\Migrations\\DatabaseMigrationRepository->createRepository()
#15 /var/www/html/vendor/laravel/framework/src/Illuminate/Container/BoundMethod.php(36): Illuminate\\Database\\Console\\Migrations\\InstallCommand->handle()
#16 /var/www/html/vendor/laravel/framework/src/Illuminate/Container/Util.php(40): Illuminate\\Container\\BoundMethod::Illuminate\\Container\\{closure}()
#17 /var/www/html/vendor/laravel/framework/src/Illuminate/Container/BoundMethod.php(93): Illuminate\\Container\\Util::unwrapIfClosure()
#18 /var/www/html/vendor/laravel/framework/src/Illuminate/Container/BoundMethod.php(37): Illuminate\\Container\\BoundMethod::callBoundMethod()
#19 /var/www/html/vendor/laravel/framework/src/Illuminate/Container/Container.php(653): Illuminate\\Container\\BoundMethod::call()
#20 /var/www/html/vendor/laravel/framework/src/Illuminate/Console/Command.php(136): Illuminate\\Container\\Container->call()
#21 /var/www/html/vendor/symfony/console/Command/Command.php(298): Illuminate\\Console\\Command->execute()
#22 /var/www/html/vendor/laravel/framework/src/Illuminate/Console/Command.php(121): Symfony\\Component\\Console\\Command\\Command->run()
#23 /var/www/html/vendor/symfony/console/Application.php(1040): Illuminate\\Console\\Command->run()
#24 /var/www/html/vendor/symfony/console/Application.php(301): Symfony\\Component\\Console\\Application->doRunCommand()
#25 /var/www/html/vendor/symfony/console/Application.php(171): Symfony\\Component\\Console\\Application->doRun()
#26 /var/www/html/vendor/laravel/framework/src/Illuminate/Console/Application.php(94): Symfony\\Component\\Console\\Application->run()
#27 /var/www/html/vendor/laravel/framework/src/Illuminate/Foundation/Console/Kernel.php(129): Illuminate\\Console\\Application->run()
#28 /var/www/html/artisan(37): Illuminate\\Foundation\\Console\\Kernel->handle()
#29 {main}
"} 
[2023-01-13 09:55:10] local.ERROR: SQLSTATE[HY000] [2002] Connection refused (SQL: select * from information_schema.tables where table_schema = laravel_react and table_name = migrations and table_type = 'BASE TABLE') {"exception":"[object] (Illuminate\\Database\\QueryException(code: 2002): SQLSTATE[HY000] [2002] Connection refused (SQL: select * from information_schema.tables where table_schema = laravel_react and table_name = migrations and table_type = 'BASE TABLE') at /var/www/html/vendor/laravel/framework/src/Illuminate/Database/Connection.php:712)
[stacktrace]
#0 /var/www/html/vendor/laravel/framework/src/Illuminate/Database/Connection.php(784): Illuminate\\Database\\Connection->runQueryCallback()
#1 /var/www/html/vendor/laravel/framework/src/Illuminate/Database/Connection.php(764): Illuminate\\Database\\Connection->tryAgainIfCausedByLostConnection()
#2 /var/www/html/vendor/laravel/framework/src/Illuminate/Database/Connection.php(675): Illuminate\\Database\\Connection->handleQueryException()
#3 /var/www/html/vendor/laravel/framework/src/Illuminate/Database/Connection.php(376): Illuminate\\Database\\Connection->run()
#4 /var/www/html/vendor/laravel/framework/src/Illuminate/Database/Schema/MySqlBuilder.php(44): Illuminate\\Database\\Connection->select()
#5 /var/www/html/vendor/laravel/framework/src/Illuminate/Database/Migrations/DatabaseMigrationRepository.php(169): Illuminate\\Database\\Schema\\MySqlBuilder->hasTable()
#6 /var/www/html/vendor/laravel/framework/src/Illuminate/Database/Migrations/Migrator.php(673): Illuminate\\Database\\Migrations\\DatabaseMigrationRepository->repositoryExists()
#7 /var/www/html/vendor/laravel/framework/src/Illuminate/Database/Console/Migrations/ResetCommand.php(62): Illuminate\\Database\\Migrations\\Migrator->repositoryExists()
#8 /var/www/html/vendor/laravel/framework/src/Illuminate/Database/Migrations/Migrator.php(606): Illuminate\\Database\\Console\\Migrations\\ResetCommand->Illuminate\\Database\\Console\\Migrations\\{closure}()
#9 /var/www/html/vendor/laravel/framework/src/Illuminate/Database/Console/Migrations/ResetCommand.php(69): Illuminate\\Database\\Migrations\\Migrator->usingConnection()
#10 /var/www/html/vendor/laravel/framework/src/Illuminate/Container/BoundMethod.php(36): Illuminate\\Database\\Console\\Migrations\\ResetCommand->handle()
#11 /var/www/html/vendor/laravel/framework/src/Illuminate/Container/Util.php(40): Illuminate\\Container\\BoundMethod::Illuminate\\Container\\{closure}()
#12 /var/www/html/vendor/laravel/framework/src/Illuminate/Container/BoundMethod.php(93): Illuminate\\Container\\Util::unwrapIfClosure()
#13 /var/www/html/vendor/laravel/framework/src/Illuminate/Container/BoundMethod.php(37): Illuminate\\Container\\BoundMethod::callBoundMethod()
#14 /var/www/html/vendor/laravel/framework/src/Illuminate/Container/Container.php(653): Illuminate\\Container\\BoundMethod::call()
#15 /var/www/html/vendor/laravel/framework/src/Illuminate/Console/Command.php(136): Illuminate\\Container\\Container->call()
#16 /var/www/html/vendor/symfony/console/Command/Command.php(298): Illuminate\\Console\\Command->execute()
#17 /var/www/html/vendor/laravel/framework/src/Illuminate/Console/Command.php(121): Symfony\\Component\\Console\\Command\\Command->run()
#18 /var/www/html/vendor/laravel/framework/src/Illuminate/Console/Concerns/CallsCommands.php(68): Illuminate\\Console\\Command->run()
#19 /var/www/html/vendor/laravel/framework/src/Illuminate/Console/Concerns/CallsCommands.php(28): Illuminate\\Console\\Command->runCommand()
#20 /var/www/html/vendor/laravel/framework/src/Illuminate/Database/Console/Migrations/RefreshCommand.php(110): Illuminate\\Console\\Command->call()
#21 /var/www/html/vendor/laravel/framework/src/Illuminate/Database/Console/Migrations/RefreshCommand.php(55): Illuminate\\Database\\Console\\Migrations\\RefreshCommand->runReset()
#22 /var/www/html/vendor/laravel/framework/src/Illuminate/Container/BoundMethod.php(36): Illuminate\\Database\\Console\\Migrations\\RefreshCommand->handle()
#23 /var/www/html/vendor/laravel/framework/src/Illuminate/Container/Util.php(40): Illuminate\\Container\\BoundMethod::Illuminate\\Container\\{closure}()
#24 /var/www/html/vendor/laravel/framework/src/Illuminate/Container/BoundMethod.php(93): Illuminate\\Container\\Util::unwrapIfClosure()
#25 /var/www/html/vendor/laravel/framework/src/Illuminate/Container/BoundMethod.php(37): Illuminate\\Container\\BoundMethod::callBoundMethod()
#26 /var/www/html/vendor/laravel/framework/src/Illuminate/Container/Container.php(653): Illuminate\\Container\\BoundMethod::call()
#27 /var/www/html/vendor/laravel/framework/src/Illuminate/Console/Command.php(136): Illuminate\\Container\\Container->call()
#28 /var/www/html/vendor/symfony/console/Command/Command.php(298): Illuminate\\Console\\Command->execute()
#29 /var/www/html/vendor/laravel/framework/src/Illuminate/Console/Command.php(121): Symfony\\Component\\Console\\Command\\Command->run()
#30 /var/www/html/vendor/symfony/console/Application.php(1040): Illuminate\\Console\\Command->run()
#31 /var/www/html/vendor/symfony/console/Application.php(301): Symfony\\Component\\Console\\Application->doRunCommand()
#32 /var/www/html/vendor/symfony/console/Application.php(171): Symfony\\Component\\Console\\Application->doRun()
#33 /var/www/html/vendor/laravel/framework/src/Illuminate/Console/Application.php(94): Symfony\\Component\\Console\\Application->run()
#34 /var/www/html/vendor/laravel/framework/src/Illuminate/Foundation/Console/Kernel.php(129): Illuminate\\Console\\Application->run()
#35 /var/www/html/artisan(37): Illuminate\\Foundation\\Console\\Kernel->handle()
#36 {main}

[previous exception] [object] (PDOException(code: 2002): SQLSTATE[HY000] [2002] Connection refused at /var/www/html/vendor/laravel/framework/src/Illuminate/Database/Connectors/Connector.php:70)
[stacktrace]
#0 /var/www/html/vendor/laravel/framework/src/Illuminate/Database/Connectors/Connector.php(70): PDO->__construct()
#1 /var/www/html/vendor/laravel/framework/src/Illuminate/Database/Connectors/Connector.php(100): Illuminate\\Database\\Connectors\\Connector->createPdoConnection()
#2 /var/www/html/vendor/laravel/framework/src/Illuminate/Database/Connectors/Connector.php(50): Illuminate\\Database\\Connectors\\Connector->tryAgainIfCausedByLostConnection()
#3 /var/www/html/vendor/laravel/framework/src/Illuminate/Database/Connectors/MySqlConnector.php(24): Illuminate\\Database\\Connectors\\Connector->createConnection()
#4 /var/www/html/vendor/laravel/framework/src/Illuminate/Database/Connectors/ConnectionFactory.php(184): Illuminate\\Database\\Connectors\\MySqlConnector->connect()
#5 [internal function]: Illuminate\\Database\\Connectors\\ConnectionFactory->Illuminate\\Database\\Connectors\\{closure}()
#6 /var/www/html/vendor/laravel/framework/src/Illuminate/Database/Connection.php(1064): call_user_func()
#7 /var/www/html/vendor/laravel/framework/src/Illuminate/Database/Connection.php(1100): Illuminate\\Database\\Connection->getPdo()
#8 /var/www/html/vendor/laravel/framework/src/Illuminate/Database/Connection.php(442): Illuminate\\Database\\Connection->getReadPdo()
#9 /var/www/html/vendor/laravel/framework/src/Illuminate/Database/Connection.php(368): Illuminate\\Database\\Connection->getPdoForSelect()
#10 /var/www/html/vendor/laravel/framework/src/Illuminate/Database/Connection.php(705): Illuminate\\Database\\Connection->Illuminate\\Database\\{closure}()
#11 /var/www/html/vendor/laravel/framework/src/Illuminate/Database/Connection.php(784): Illuminate\\Database\\Connection->runQueryCallback()
#12 /var/www/html/vendor/laravel/framework/src/Illuminate/Database/Connection.php(764): Illuminate\\Database\\Connection->tryAgainIfCausedByLostConnection()
#13 /var/www/html/vendor/laravel/framework/src/Illuminate/Database/Connection.php(675): Illuminate\\Database\\Connection->handleQueryException()
#14 /var/www/html/vendor/laravel/framework/src/Illuminate/Database/Connection.php(376): Illuminate\\Database\\Connection->run()
#15 /var/www/html/vendor/laravel/framework/src/Illuminate/Database/Schema/MySqlBuilder.php(44): Illuminate\\Database\\Connection->select()
#16 /var/www/html/vendor/laravel/framework/src/Illuminate/Database/Migrations/DatabaseMigrationRepository.php(169): Illuminate\\Database\\Schema\\MySqlBuilder->hasTable()
#17 /var/www/html/vendor/laravel/framework/src/Illuminate/Database/Migrations/Migrator.php(673): Illuminate\\Database\\Migrations\\DatabaseMigrationRepository->repositoryExists()
#18 /var/www/html/vendor/laravel/framework/src/Illuminate/Database/Console/Migrations/ResetCommand.php(62): Illuminate\\Database\\Migrations\\Migrator->repositoryExists()
#19 /var/www/html/vendor/laravel/framework/src/Illuminate/Database/Migrations/Migrator.php(606): Illuminate\\Database\\Console\\Migrations\\ResetCommand->Illuminate\\Database\\Console\\Migrations\\{closure}()
#20 /var/www/html/vendor/laravel/framework/src/Illuminate/Database/Console/Migrations/ResetCommand.php(69): Illuminate\\Database\\Migrations\\Migrator->usingConnection()
#21 /var/www/html/vendor/laravel/framework/src/Illuminate/Container/BoundMethod.php(36): Illuminate\\Database\\Console\\Migrations\\ResetCommand->handle()
#22 /var/www/html/vendor/laravel/framework/src/Illuminate/Container/Util.php(40): Illuminate\\Container\\BoundMethod::Illuminate\\Container\\{closure}()
#23 /var/www/html/vendor/laravel/framework/src/Illuminate/Container/BoundMethod.php(93): Illuminate\\Container\\Util::unwrapIfClosure()
#24 /var/www/html/vendor/laravel/framework/src/Illuminate/Container/BoundMethod.php(37): Illuminate\\Container\\BoundMethod::callBoundMethod()
#25 /var/www/html/vendor/laravel/framework/src/Illuminate/Container/Container.php(653): Illuminate\\Container\\BoundMethod::call()
#26 /var/www/html/vendor/laravel/framework/src/Illuminate/Console/Command.php(136): Illuminate\\Container\\Container->call()
#27 /var/www/html/vendor/symfony/console/Command/Command.php(298): Illuminate\\Console\\Command->execute()
#28 /var/www/html/vendor/laravel/framework/src/Illuminate/Console/Command.php(121): Symfony\\Component\\Console\\Command\\Command->run()
#29 /var/www/html/vendor/laravel/framework/src/Illuminate/Console/Concerns/CallsCommands.php(68): Illuminate\\Console\\Command->run()
#30 /var/www/html/vendor/laravel/framework/src/Illuminate/Console/Concerns/CallsCommands.php(28): Illuminate\\Console\\Command->runCommand()
#31 /var/www/html/vendor/laravel/framework/src/Illuminate/Database/Console/Migrations/RefreshCommand.php(110): Illuminate\\Console\\Command->call()
#32 /var/www/html/vendor/laravel/framework/src/Illuminate/Database/Console/Migrations/RefreshCommand.php(55): Illuminate\\Database\\Console\\Migrations\\RefreshCommand->runReset()
#33 /var/www/html/vendor/laravel/framework/src/Illuminate/Container/BoundMethod.php(36): Illuminate\\Database\\Console\\Migrations\\RefreshCommand->handle()
#34 /var/www/html/vendor/laravel/framework/src/Illuminate/Container/Util.php(40): Illuminate\\Container\\BoundMethod::Illuminate\\Container\\{closure}()
#35 /var/www/html/vendor/laravel/framework/src/Illuminate/Container/BoundMethod.php(93): Illuminate\\Container\\Util::unwrapIfClosure()
#36 /var/www/html/vendor/laravel/framework/src/Illuminate/Container/BoundMethod.php(37): Illuminate\\Container\\BoundMethod::callBoundMethod()
#37 /var/www/html/vendor/laravel/framework/src/Illuminate/Container/Container.php(653): Illuminate\\Container\\BoundMethod::call()
#38 /var/www/html/vendor/laravel/framework/src/Illuminate/Console/Command.php(136): Illuminate\\Container\\Container->call()
#39 /var/www/html/vendor/symfony/console/Command/Command.php(298): Illuminate\\Console\\Command->execute()
#40 /var/www/html/vendor/laravel/framework/src/Illuminate/Console/Command.php(121): Symfony\\Component\\Console\\Command\\Command->run()
#41 /var/www/html/vendor/symfony/console/Application.php(1040): Illuminate\\Console\\Command->run()
#42 /var/www/html/vendor/symfony/console/Application.php(301): Symfony\\Component\\Console\\Application->doRunCommand()
#43 /var/www/html/vendor/symfony/console/Application.php(171): Symfony\\Component\\Console\\Application->doRun()
#44 /var/www/html/vendor/laravel/framework/src/Illuminate/Console/Application.php(94): Symfony\\Component\\Console\\Application->run()
#45 /var/www/html/vendor/laravel/framework/src/Illuminate/Foundation/Console/Kernel.php(129): Illuminate\\Console\\Application->run()
#46 /var/www/html/artisan(37): Illuminate\\Foundation\\Console\\Kernel->handle()
#47 {main}
"} 
[2023-01-13 09:57:56] local.ERROR: SQLSTATE[HY000] [2002] Connection refused (SQL: select * from information_schema.tables where table_schema = laravel_react and table_name = migrations and table_type = 'BASE TABLE') {"exception":"[object] (Illuminate\\Database\\QueryException(code: 2002): SQLSTATE[HY000] [2002] Connection refused (SQL: select * from information_schema.tables where table_schema = laravel_react and table_name = migrations and table_type = 'BASE TABLE') at /var/www/html/vendor/laravel/framework/src/Illuminate/Database/Connection.php:712)
[stacktrace]
#0 /var/www/html/vendor/laravel/framework/src/Illuminate/Database/Connection.php(784): Illuminate\\Database\\Connection->runQueryCallback()
#1 /var/www/html/vendor/laravel/framework/src/Illuminate/Database/Connection.php(764): Illuminate\\Database\\Connection->tryAgainIfCausedByLostConnection()
#2 /var/www/html/vendor/laravel/framework/src/Illuminate/Database/Connection.php(675): Illuminate\\Database\\Connection->handleQueryException()
#3 /var/www/html/vendor/laravel/framework/src/Illuminate/Database/Connection.php(376): Illuminate\\Database\\Connection->run()
#4 /var/www/html/vendor/laravel/framework/src/Illuminate/Database/Schema/MySqlBuilder.php(44): Illuminate\\Database\\Connection->select()
#5 /var/www/html/vendor/laravel/framework/src/Illuminate/Database/Migrations/DatabaseMigrationRepository.php(169): Illuminate\\Database\\Schema\\MySqlBuilder->hasTable()
#6 /var/www/html/vendor/laravel/framework/src/Illuminate/Database/Migrations/Migrator.php(673): Illuminate\\Database\\Migrations\\DatabaseMigrationRepository->repositoryExists()
#7 /var/www/html/vendor/laravel/framework/src/Illuminate/Database/Console/Migrations/ResetCommand.php(62): Illuminate\\Database\\Migrations\\Migrator->repositoryExists()
#8 /var/www/html/vendor/laravel/framework/src/Illuminate/Database/Migrations/Migrator.php(606): Illuminate\\Database\\Console\\Migrations\\ResetCommand->Illuminate\\Database\\Console\\Migrations\\{closure}()
#9 /var/www/html/vendor/laravel/framework/src/Illuminate/Database/Console/Migrations/ResetCommand.php(69): Illuminate\\Database\\Migrations\\Migrator->usingConnection()
#10 /var/www/html/vendor/laravel/framework/src/Illuminate/Container/BoundMethod.php(36): Illuminate\\Database\\Console\\Migrations\\ResetCommand->handle()
#11 /var/www/html/vendor/laravel/framework/src/Illuminate/Container/Util.php(40): Illuminate\\Container\\BoundMethod::Illuminate\\Container\\{closure}()
#12 /var/www/html/vendor/laravel/framework/src/Illuminate/Container/BoundMethod.php(93): Illuminate\\Container\\Util::unwrapIfClosure()
#13 /var/www/html/vendor/laravel/framework/src/Illuminate/Container/BoundMethod.php(37): Illuminate\\Container\\BoundMethod::callBoundMethod()
#14 /var/www/html/vendor/laravel/framework/src/Illuminate/Container/Container.php(653): Illuminate\\Container\\BoundMethod::call()
#15 /var/www/html/vendor/laravel/framework/src/Illuminate/Console/Command.php(136): Illuminate\\Container\\Container->call()
#16 /var/www/html/vendor/symfony/console/Command/Command.php(298): Illuminate\\Console\\Command->execute()
#17 /var/www/html/vendor/laravel/framework/src/Illuminate/Console/Command.php(121): Symfony\\Component\\Console\\Command\\Command->run()
#18 /var/www/html/vendor/laravel/framework/src/Illuminate/Console/Concerns/CallsCommands.php(68): Illuminate\\Console\\Command->run()
#19 /var/www/html/vendor/laravel/framework/src/Illuminate/Console/Concerns/CallsCommands.php(28): Illuminate\\Console\\Command->runCommand()
#20 /var/www/html/vendor/laravel/framework/src/Illuminate/Database/Console/Migrations/RefreshCommand.php(110): Illuminate\\Console\\Command->call()
#21 /var/www/html/vendor/laravel/framework/src/Illuminate/Database/Console/Migrations/RefreshCommand.php(55): Illuminate\\Database\\Console\\Migrations\\RefreshCommand->runReset()
#22 /var/www/html/vendor/laravel/framework/src/Illuminate/Container/BoundMethod.php(36): Illuminate\\Database\\Console\\Migrations\\RefreshCommand->handle()
#23 /var/www/html/vendor/laravel/framework/src/Illuminate/Container/Util.php(40): Illuminate\\Container\\BoundMethod::Illuminate\\Container\\{closure}()
#24 /var/www/html/vendor/laravel/framework/src/Illuminate/Container/BoundMethod.php(93): Illuminate\\Container\\Util::unwrapIfClosure()
#25 /var/www/html/vendor/laravel/framework/src/Illuminate/Container/BoundMethod.php(37): Illuminate\\Container\\BoundMethod::callBoundMethod()
#26 /var/www/html/vendor/laravel/framework/src/Illuminate/Container/Container.php(653): Illuminate\\Container\\BoundMethod::call()
#27 /var/www/html/vendor/laravel/framework/src/Illuminate/Console/Command.php(136): Illuminate\\Container\\Container->call()
#28 /var/www/html/vendor/symfony/console/Command/Command.php(298): Illuminate\\Console\\Command->execute()
#29 /var/www/html/vendor/laravel/framework/src/Illuminate/Console/Command.php(121): Symfony\\Component\\Console\\Command\\Command->run()
#30 /var/www/html/vendor/symfony/console/Application.php(1040): Illuminate\\Console\\Command->run()
#31 /var/www/html/vendor/symfony/console/Application.php(301): Symfony\\Component\\Console\\Application->doRunCommand()
#32 /var/www/html/vendor/symfony/console/Application.php(171): Symfony\\Component\\Console\\Application->doRun()
#33 /var/www/html/vendor/laravel/framework/src/Illuminate/Console/Application.php(94): Symfony\\Component\\Console\\Application->run()
#34 /var/www/html/vendor/laravel/framework/src/Illuminate/Foundation/Console/Kernel.php(129): Illuminate\\Console\\Application->run()
#35 /var/www/html/artisan(37): Illuminate\\Foundation\\Console\\Kernel->handle()
#36 {main}

[previous exception] [object] (PDOException(code: 2002): SQLSTATE[HY000] [2002] Connection refused at /var/www/html/vendor/laravel/framework/src/Illuminate/Database/Connectors/Connector.php:70)
[stacktrace]
#0 /var/www/html/vendor/laravel/framework/src/Illuminate/Database/Connectors/Connector.php(70): PDO->__construct()
#1 /var/www/html/vendor/laravel/framework/src/Illuminate/Database/Connectors/Connector.php(100): Illuminate\\Database\\Connectors\\Connector->createPdoConnection()
#2 /var/www/html/vendor/laravel/framework/src/Illuminate/Database/Connectors/Connector.php(50): Illuminate\\Database\\Connectors\\Connector->tryAgainIfCausedByLostConnection()
#3 /var/www/html/vendor/laravel/framework/src/Illuminate/Database/Connectors/MySqlConnector.php(24): Illuminate\\Database\\Connectors\\Connector->createConnection()
#4 /var/www/html/vendor/laravel/framework/src/Illuminate/Database/Connectors/ConnectionFactory.php(184): Illuminate\\Database\\Connectors\\MySqlConnector->connect()
#5 [internal function]: Illuminate\\Database\\Connectors\\ConnectionFactory->Illuminate\\Database\\Connectors\\{closure}()
#6 /var/www/html/vendor/laravel/framework/src/Illuminate/Database/Connection.php(1064): call_user_func()
#7 /var/www/html/vendor/laravel/framework/src/Illuminate/Database/Connection.php(1100): Illuminate\\Database\\Connection->getPdo()
#8 /var/www/html/vendor/laravel/framework/src/Illuminate/Database/Connection.php(442): Illuminate\\Database\\Connection->getReadPdo()
#9 /var/www/html/vendor/laravel/framework/src/Illuminate/Database/Connection.php(368): Illuminate\\Database\\Connection->getPdoForSelect()
#10 /var/www/html/vendor/laravel/framework/src/Illuminate/Database/Connection.php(705): Illuminate\\Database\\Connection->Illuminate\\Database\\{closure}()
#11 /var/www/html/vendor/laravel/framework/src/Illuminate/Database/Connection.php(784): Illuminate\\Database\\Connection->runQueryCallback()
#12 /var/www/html/vendor/laravel/framework/src/Illuminate/Database/Connection.php(764): Illuminate\\Database\\Connection->tryAgainIfCausedByLostConnection()
#13 /var/www/html/vendor/laravel/framework/src/Illuminate/Database/Connection.php(675): Illuminate\\Database\\Connection->handleQueryException()
#14 /var/www/html/vendor/laravel/framework/src/Illuminate/Database/Connection.php(376): Illuminate\\Database\\Connection->run()
#15 /var/www/html/vendor/laravel/framework/src/Illuminate/Database/Schema/MySqlBuilder.php(44): Illuminate\\Database\\Connection->select()
#16 /var/www/html/vendor/laravel/framework/src/Illuminate/Database/Migrations/DatabaseMigrationRepository.php(169): Illuminate\\Database\\Schema\\MySqlBuilder->hasTable()
#17 /var/www/html/vendor/laravel/framework/src/Illuminate/Database/Migrations/Migrator.php(673): Illuminate\\Database\\Migrations\\DatabaseMigrationRepository->repositoryExists()
#18 /var/www/html/vendor/laravel/framework/src/Illuminate/Database/Console/Migrations/ResetCommand.php(62): Illuminate\\Database\\Migrations\\Migrator->repositoryExists()
#19 /var/www/html/vendor/laravel/framework/src/Illuminate/Database/Migrations/Migrator.php(606): Illuminate\\Database\\Console\\Migrations\\ResetCommand->Illuminate\\Database\\Console\\Migrations\\{closure}()
#20 /var/www/html/vendor/laravel/framework/src/Illuminate/Database/Console/Migrations/ResetCommand.php(69): Illuminate\\Database\\Migrations\\Migrator->usingConnection()
#21 /var/www/html/vendor/laravel/framework/src/Illuminate/Container/BoundMethod.php(36): Illuminate\\Database\\Console\\Migrations\\ResetCommand->handle()
#22 /var/www/html/vendor/laravel/framework/src/Illuminate/Container/Util.php(40): Illuminate\\Container\\BoundMethod::Illuminate\\Container\\{closure}()
#23 /var/www/html/vendor/laravel/framework/src/Illuminate/Container/BoundMethod.php(93): Illuminate\\Container\\Util::unwrapIfClosure()
#24 /var/www/html/vendor/laravel/framework/src/Illuminate/Container/BoundMethod.php(37): Illuminate\\Container\\BoundMethod::callBoundMethod()
#25 /var/www/html/vendor/laravel/framework/src/Illuminate/Container/Container.php(653): Illuminate\\Container\\BoundMethod::call()
#26 /var/www/html/vendor/laravel/framework/src/Illuminate/Console/Command.php(136): Illuminate\\Container\\Container->call()
#27 /var/www/html/vendor/symfony/console/Command/Command.php(298): Illuminate\\Console\\Command->execute()
#28 /var/www/html/vendor/laravel/framework/src/Illuminate/Console/Command.php(121): Symfony\\Component\\Console\\Command\\Command->run()
#29 /var/www/html/vendor/laravel/framework/src/Illuminate/Console/Concerns/CallsCommands.php(68): Illuminate\\Console\\Command->run()
#30 /var/www/html/vendor/laravel/framework/src/Illuminate/Console/Concerns/CallsCommands.php(28): Illuminate\\Console\\Command->runCommand()
#31 /var/www/html/vendor/laravel/framework/src/Illuminate/Database/Console/Migrations/RefreshCommand.php(110): Illuminate\\Console\\Command->call()
#32 /var/www/html/vendor/laravel/framework/src/Illuminate/Database/Console/Migrations/RefreshCommand.php(55): Illuminate\\Database\\Console\\Migrations\\RefreshCommand->runReset()
#33 /var/www/html/vendor/laravel/framework/src/Illuminate/Container/BoundMethod.php(36): Illuminate\\Database\\Console\\Migrations\\RefreshCommand->handle()
#34 /var/www/html/vendor/laravel/framework/src/Illuminate/Container/Util.php(40): Illuminate\\Container\\BoundMethod::Illuminate\\Container\\{closure}()
#35 /var/www/html/vendor/laravel/framework/src/Illuminate/Container/BoundMethod.php(93): Illuminate\\Container\\Util::unwrapIfClosure()
#36 /var/www/html/vendor/laravel/framework/src/Illuminate/Container/BoundMethod.php(37): Illuminate\\Container\\BoundMethod::callBoundMethod()
#37 /var/www/html/vendor/laravel/framework/src/Illuminate/Container/Container.php(653): Illuminate\\Container\\BoundMethod::call()
#38 /var/www/html/vendor/laravel/framework/src/Illuminate/Console/Command.php(136): Illuminate\\Container\\Container->call()
#39 /var/www/html/vendor/symfony/console/Command/Command.php(298): Illuminate\\Console\\Command->execute()
#40 /var/www/html/vendor/laravel/framework/src/Illuminate/Console/Command.php(121): Symfony\\Component\\Console\\Command\\Command->run()
#41 /var/www/html/vendor/symfony/console/Application.php(1040): Illuminate\\Console\\Command->run()
#42 /var/www/html/vendor/symfony/console/Application.php(301): Symfony\\Component\\Console\\Application->doRunCommand()
#43 /var/www/html/vendor/symfony/console/Application.php(171): Symfony\\Component\\Console\\Application->doRun()
#44 /var/www/html/vendor/laravel/framework/src/Illuminate/Console/Application.php(94): Symfony\\Component\\Console\\Application->run()
#45 /var/www/html/vendor/laravel/framework/src/Illuminate/Foundation/Console/Kernel.php(129): Illuminate\\Console\\Application->run()
#46 /var/www/html/artisan(37): Illuminate\\Foundation\\Console\\Kernel->handle()
#47 {main}
"} 
[2023-01-13 10:00:31] local.ERROR: SQLSTATE[HY000] [1045] Access denied for user 'root'@'172.20.0.3' (using password: NO) (SQL: select * from information_schema.tables where table_schema = laravel_react and table_name = migrations and table_type = 'BASE TABLE') {"exception":"[object] (Illuminate\\Database\\QueryException(code: 1045): SQLSTATE[HY000] [1045] Access denied for user 'root'@'172.20.0.3' (using password: NO) (SQL: select * from information_schema.tables where table_schema = laravel_react and table_name = migrations and table_type = 'BASE TABLE') at /var/www/html/vendor/laravel/framework/src/Illuminate/Database/Connection.php:712)
[stacktrace]
#0 /var/www/html/vendor/laravel/framework/src/Illuminate/Database/Connection.php(672): Illuminate\\Database\\Connection->runQueryCallback()
#1 /var/www/html/vendor/laravel/framework/src/Illuminate/Database/Connection.php(376): Illuminate\\Database\\Connection->run()
#2 /var/www/html/vendor/laravel/framework/src/Illuminate/Database/Schema/MySqlBuilder.php(44): Illuminate\\Database\\Connection->select()
#3 /var/www/html/vendor/laravel/framework/src/Illuminate/Database/Migrations/DatabaseMigrationRepository.php(169): Illuminate\\Database\\Schema\\MySqlBuilder->hasTable()
#4 /var/www/html/vendor/laravel/framework/src/Illuminate/Database/Migrations/Migrator.php(673): Illuminate\\Database\\Migrations\\DatabaseMigrationRepository->repositoryExists()
#5 /var/www/html/vendor/laravel/framework/src/Illuminate/Database/Console/Migrations/ResetCommand.php(62): Illuminate\\Database\\Migrations\\Migrator->repositoryExists()
#6 /var/www/html/vendor/laravel/framework/src/Illuminate/Database/Migrations/Migrator.php(606): Illuminate\\Database\\Console\\Migrations\\ResetCommand->Illuminate\\Database\\Console\\Migrations\\{closure}()
#7 /var/www/html/vendor/laravel/framework/src/Illuminate/Database/Console/Migrations/ResetCommand.php(69): Illuminate\\Database\\Migrations\\Migrator->usingConnection()
#8 /var/www/html/vendor/laravel/framework/src/Illuminate/Container/BoundMethod.php(36): Illuminate\\Database\\Console\\Migrations\\ResetCommand->handle()
#9 /var/www/html/vendor/laravel/framework/src/Illuminate/Container/Util.php(40): Illuminate\\Container\\BoundMethod::Illuminate\\Container\\{closure}()
#10 /var/www/html/vendor/laravel/framework/src/Illuminate/Container/BoundMethod.php(93): Illuminate\\Container\\Util::unwrapIfClosure()
#11 /var/www/html/vendor/laravel/framework/src/Illuminate/Container/BoundMethod.php(37): Illuminate\\Container\\BoundMethod::callBoundMethod()
#12 /var/www/html/vendor/laravel/framework/src/Illuminate/Container/Container.php(653): Illuminate\\Container\\BoundMethod::call()
#13 /var/www/html/vendor/laravel/framework/src/Illuminate/Console/Command.php(136): Illuminate\\Container\\Container->call()
#14 /var/www/html/vendor/symfony/console/Command/Command.php(298): Illuminate\\Console\\Command->execute()
#15 /var/www/html/vendor/laravel/framework/src/Illuminate/Console/Command.php(121): Symfony\\Component\\Console\\Command\\Command->run()
#16 /var/www/html/vendor/laravel/framework/src/Illuminate/Console/Concerns/CallsCommands.php(68): Illuminate\\Console\\Command->run()
#17 /var/www/html/vendor/laravel/framework/src/Illuminate/Console/Concerns/CallsCommands.php(28): Illuminate\\Console\\Command->runCommand()
#18 /var/www/html/vendor/laravel/framework/src/Illuminate/Database/Console/Migrations/RefreshCommand.php(110): Illuminate\\Console\\Command->call()
#19 /var/www/html/vendor/laravel/framework/src/Illuminate/Database/Console/Migrations/RefreshCommand.php(55): Illuminate\\Database\\Console\\Migrations\\RefreshCommand->runReset()
#20 /var/www/html/vendor/laravel/framework/src/Illuminate/Container/BoundMethod.php(36): Illuminate\\Database\\Console\\Migrations\\RefreshCommand->handle()
#21 /var/www/html/vendor/laravel/framework/src/Illuminate/Container/Util.php(40): Illuminate\\Container\\BoundMethod::Illuminate\\Container\\{closure}()
#22 /var/www/html/vendor/laravel/framework/src/Illuminate/Container/BoundMethod.php(93): Illuminate\\Container\\Util::unwrapIfClosure()
#23 /var/www/html/vendor/laravel/framework/src/Illuminate/Container/BoundMethod.php(37): Illuminate\\Container\\BoundMethod::callBoundMethod()
#24 /var/www/html/vendor/laravel/framework/src/Illuminate/Container/Container.php(653): Illuminate\\Container\\BoundMethod::call()
#25 /var/www/html/vendor/laravel/framework/src/Illuminate/Console/Command.php(136): Illuminate\\Container\\Container->call()
#26 /var/www/html/vendor/symfony/console/Command/Command.php(298): Illuminate\\Console\\Command->execute()
#27 /var/www/html/vendor/laravel/framework/src/Illuminate/Console/Command.php(121): Symfony\\Component\\Console\\Command\\Command->run()
#28 /var/www/html/vendor/symfony/console/Application.php(1040): Illuminate\\Console\\Command->run()
#29 /var/www/html/vendor/symfony/console/Application.php(301): Symfony\\Component\\Console\\Application->doRunCommand()
#30 /var/www/html/vendor/symfony/console/Application.php(171): Symfony\\Component\\Console\\Application->doRun()
#31 /var/www/html/vendor/laravel/framework/src/Illuminate/Console/Application.php(94): Symfony\\Component\\Console\\Application->run()
#32 /var/www/html/vendor/laravel/framework/src/Illuminate/Foundation/Console/Kernel.php(129): Illuminate\\Console\\Application->run()
#33 /var/www/html/artisan(37): Illuminate\\Foundation\\Console\\Kernel->handle()
#34 {main}

[previous exception] [object] (PDOException(code: 1045): SQLSTATE[HY000] [1045] Access denied for user 'root'@'172.20.0.3' (using password: NO) at /var/www/html/vendor/laravel/framework/src/Illuminate/Database/Connectors/Connector.php:70)
[stacktrace]
#0 /var/www/html/vendor/laravel/framework/src/Illuminate/Database/Connectors/Connector.php(70): PDO->__construct()
#1 /var/www/html/vendor/laravel/framework/src/Illuminate/Database/Connectors/Connector.php(46): Illuminate\\Database\\Connectors\\Connector->createPdoConnection()
#2 /var/www/html/vendor/laravel/framework/src/Illuminate/Database/Connectors/MySqlConnector.php(24): Illuminate\\Database\\Connectors\\Connector->createConnection()
#3 /var/www/html/vendor/laravel/framework/src/Illuminate/Database/Connectors/ConnectionFactory.php(184): Illuminate\\Database\\Connectors\\MySqlConnector->connect()
#4 [internal function]: Illuminate\\Database\\Connectors\\ConnectionFactory->Illuminate\\Database\\Connectors\\{closure}()
#5 /var/www/html/vendor/laravel/framework/src/Illuminate/Database/Connection.php(1064): call_user_func()
#6 /var/www/html/vendor/laravel/framework/src/Illuminate/Database/Connection.php(1100): Illuminate\\Database\\Connection->getPdo()
#7 /var/www/html/vendor/laravel/framework/src/Illuminate/Database/Connection.php(442): Illuminate\\Database\\Connection->getReadPdo()
#8 /var/www/html/vendor/laravel/framework/src/Illuminate/Database/Connection.php(368): Illuminate\\Database\\Connection->getPdoForSelect()
#9 /var/www/html/vendor/laravel/framework/src/Illuminate/Database/Connection.php(705): Illuminate\\Database\\Connection->Illuminate\\Database\\{closure}()
#10 /var/www/html/vendor/laravel/framework/src/Illuminate/Database/Connection.php(672): Illuminate\\Database\\Connection->runQueryCallback()
#11 /var/www/html/vendor/laravel/framework/src/Illuminate/Database/Connection.php(376): Illuminate\\Database\\Connection->run()
#12 /var/www/html/vendor/laravel/framework/src/Illuminate/Database/Schema/MySqlBuilder.php(44): Illuminate\\Database\\Connection->select()
#13 /var/www/html/vendor/laravel/framework/src/Illuminate/Database/Migrations/DatabaseMigrationRepository.php(169): Illuminate\\Database\\Schema\\MySqlBuilder->hasTable()
#14 /var/www/html/vendor/laravel/framework/src/Illuminate/Database/Migrations/Migrator.php(673): Illuminate\\Database\\Migrations\\DatabaseMigrationRepository->repositoryExists()
#15 /var/www/html/vendor/laravel/framework/src/Illuminate/Database/Console/Migrations/ResetCommand.php(62): Illuminate\\Database\\Migrations\\Migrator->repositoryExists()
#16 /var/www/html/vendor/laravel/framework/src/Illuminate/Database/Migrations/Migrator.php(606): Illuminate\\Database\\Console\\Migrations\\ResetCommand->Illuminate\\Database\\Console\\Migrations\\{closure}()
#17 /var/www/html/vendor/laravel/framework/src/Illuminate/Database/Console/Migrations/ResetCommand.php(69): Illuminate\\Database\\Migrations\\Migrator->usingConnection()
#18 /var/www/html/vendor/laravel/framework/src/Illuminate/Container/BoundMethod.php(36): Illuminate\\Database\\Console\\Migrations\\ResetCommand->handle()
#19 /var/www/html/vendor/laravel/framework/src/Illuminate/Container/Util.php(40): Illuminate\\Container\\BoundMethod::Illuminate\\Container\\{closure}()
#20 /var/www/html/vendor/laravel/framework/src/Illuminate/Container/BoundMethod.php(93): Illuminate\\Container\\Util::unwrapIfClosure()
#21 /var/www/html/vendor/laravel/framework/src/Illuminate/Container/BoundMethod.php(37): Illuminate\\Container\\BoundMethod::callBoundMethod()
#22 /var/www/html/vendor/laravel/framework/src/Illuminate/Container/Container.php(653): Illuminate\\Container\\BoundMethod::call()
#23 /var/www/html/vendor/laravel/framework/src/Illuminate/Console/Command.php(136): Illuminate\\Container\\Container->call()
#24 /var/www/html/vendor/symfony/console/Command/Command.php(298): Illuminate\\Console\\Command->execute()
#25 /var/www/html/vendor/laravel/framework/src/Illuminate/Console/Command.php(121): Symfony\\Component\\Console\\Command\\Command->run()
#26 /var/www/html/vendor/laravel/framework/src/Illuminate/Console/Concerns/CallsCommands.php(68): Illuminate\\Console\\Command->run()
#27 /var/www/html/vendor/laravel/framework/src/Illuminate/Console/Concerns/CallsCommands.php(28): Illuminate\\Console\\Command->runCommand()
#28 /var/www/html/vendor/laravel/framework/src/Illuminate/Database/Console/Migrations/RefreshCommand.php(110): Illuminate\\Console\\Command->call()
#29 /var/www/html/vendor/laravel/framework/src/Illuminate/Database/Console/Migrations/RefreshCommand.php(55): Illuminate\\Database\\Console\\Migrations\\RefreshCommand->runReset()
#30 /var/www/html/vendor/laravel/framework/src/Illuminate/Container/BoundMethod.php(36): Illuminate\\Database\\Console\\Migrations\\RefreshCommand->handle()
#31 /var/www/html/vendor/laravel/framework/src/Illuminate/Container/Util.php(40): Illuminate\\Container\\BoundMethod::Illuminate\\Container\\{closure}()
#32 /var/www/html/vendor/laravel/framework/src/Illuminate/Container/BoundMethod.php(93): Illuminate\\Container\\Util::unwrapIfClosure()
#33 /var/www/html/vendor/laravel/framework/src/Illuminate/Container/BoundMethod.php(37): Illuminate\\Container\\BoundMethod::callBoundMethod()
#34 /var/www/html/vendor/laravel/framework/src/Illuminate/Container/Container.php(653): Illuminate\\Container\\BoundMethod::call()
#35 /var/www/html/vendor/laravel/framework/src/Illuminate/Console/Command.php(136): Illuminate\\Container\\Container->call()
#36 /var/www/html/vendor/symfony/console/Command/Command.php(298): Illuminate\\Console\\Command->execute()
#37 /var/www/html/vendor/laravel/framework/src/Illuminate/Console/Command.php(121): Symfony\\Component\\Console\\Command\\Command->run()
#38 /var/www/html/vendor/symfony/console/Application.php(1040): Illuminate\\Console\\Command->run()
#39 /var/www/html/vendor/symfony/console/Application.php(301): Symfony\\Component\\Console\\Application->doRunCommand()
#40 /var/www/html/vendor/symfony/console/Application.php(171): Symfony\\Component\\Console\\Application->doRun()
#41 /var/www/html/vendor/laravel/framework/src/Illuminate/Console/Application.php(94): Symfony\\Component\\Console\\Application->run()
#42 /var/www/html/vendor/laravel/framework/src/Illuminate/Foundation/Console/Kernel.php(129): Illuminate\\Console\\Application->run()
#43 /var/www/html/artisan(37): Illuminate\\Foundation\\Console\\Kernel->handle()
#44 {main}
"} 
[2023-01-13 10:01:38] local.ERROR: SQLSTATE[HY000] [2002] Connection refused (SQL: select * from information_schema.tables where table_schema = laravel_react and table_name = migrations and table_type = 'BASE TABLE') {"exception":"[object] (Illuminate\\Database\\QueryException(code: 2002): SQLSTATE[HY000] [2002] Connection refused (SQL: select * from information_schema.tables where table_schema = laravel_react and table_name = migrations and table_type = 'BASE TABLE') at /var/www/html/vendor/laravel/framework/src/Illuminate/Database/Connection.php:712)
[stacktrace]
#0 /var/www/html/vendor/laravel/framework/src/Illuminate/Database/Connection.php(784): Illuminate\\Database\\Connection->runQueryCallback()
#1 /var/www/html/vendor/laravel/framework/src/Illuminate/Database/Connection.php(764): Illuminate\\Database\\Connection->tryAgainIfCausedByLostConnection()
#2 /var/www/html/vendor/laravel/framework/src/Illuminate/Database/Connection.php(675): Illuminate\\Database\\Connection->handleQueryException()
#3 /var/www/html/vendor/laravel/framework/src/Illuminate/Database/Connection.php(376): Illuminate\\Database\\Connection->run()
#4 /var/www/html/vendor/laravel/framework/src/Illuminate/Database/Schema/MySqlBuilder.php(44): Illuminate\\Database\\Connection->select()
#5 /var/www/html/vendor/laravel/framework/src/Illuminate/Database/Migrations/DatabaseMigrationRepository.php(169): Illuminate\\Database\\Schema\\MySqlBuilder->hasTable()
#6 /var/www/html/vendor/laravel/framework/src/Illuminate/Database/Migrations/Migrator.php(673): Illuminate\\Database\\Migrations\\DatabaseMigrationRepository->repositoryExists()
#7 /var/www/html/vendor/laravel/framework/src/Illuminate/Database/Console/Migrations/ResetCommand.php(62): Illuminate\\Database\\Migrations\\Migrator->repositoryExists()
#8 /var/www/html/vendor/laravel/framework/src/Illuminate/Database/Migrations/Migrator.php(606): Illuminate\\Database\\Console\\Migrations\\ResetCommand->Illuminate\\Database\\Console\\Migrations\\{closure}()
#9 /var/www/html/vendor/laravel/framework/src/Illuminate/Database/Console/Migrations/ResetCommand.php(69): Illuminate\\Database\\Migrations\\Migrator->usingConnection()
#10 /var/www/html/vendor/laravel/framework/src/Illuminate/Container/BoundMethod.php(36): Illuminate\\Database\\Console\\Migrations\\ResetCommand->handle()
#11 /var/www/html/vendor/laravel/framework/src/Illuminate/Container/Util.php(40): Illuminate\\Container\\BoundMethod::Illuminate\\Container\\{closure}()
#12 /var/www/html/vendor/laravel/framework/src/Illuminate/Container/BoundMethod.php(93): Illuminate\\Container\\Util::unwrapIfClosure()
#13 /var/www/html/vendor/laravel/framework/src/Illuminate/Container/BoundMethod.php(37): Illuminate\\Container\\BoundMethod::callBoundMethod()
#14 /var/www/html/vendor/laravel/framework/src/Illuminate/Container/Container.php(653): Illuminate\\Container\\BoundMethod::call()
#15 /var/www/html/vendor/laravel/framework/src/Illuminate/Console/Command.php(136): Illuminate\\Container\\Container->call()
#16 /var/www/html/vendor/symfony/console/Command/Command.php(298): Illuminate\\Console\\Command->execute()
#17 /var/www/html/vendor/laravel/framework/src/Illuminate/Console/Command.php(121): Symfony\\Component\\Console\\Command\\Command->run()
#18 /var/www/html/vendor/laravel/framework/src/Illuminate/Console/Concerns/CallsCommands.php(68): Illuminate\\Console\\Command->run()
#19 /var/www/html/vendor/laravel/framework/src/Illuminate/Console/Concerns/CallsCommands.php(28): Illuminate\\Console\\Command->runCommand()
#20 /var/www/html/vendor/laravel/framework/src/Illuminate/Database/Console/Migrations/RefreshCommand.php(110): Illuminate\\Console\\Command->call()
#21 /var/www/html/vendor/laravel/framework/src/Illuminate/Database/Console/Migrations/RefreshCommand.php(55): Illuminate\\Database\\Console\\Migrations\\RefreshCommand->runReset()
#22 /var/www/html/vendor/laravel/framework/src/Illuminate/Container/BoundMethod.php(36): Illuminate\\Database\\Console\\Migrations\\RefreshCommand->handle()
#23 /var/www/html/vendor/laravel/framework/src/Illuminate/Container/Util.php(40): Illuminate\\Container\\BoundMethod::Illuminate\\Container\\{closure}()
#24 /var/www/html/vendor/laravel/framework/src/Illuminate/Container/BoundMethod.php(93): Illuminate\\Container\\Util::unwrapIfClosure()
#25 /var/www/html/vendor/laravel/framework/src/Illuminate/Container/BoundMethod.php(37): Illuminate\\Container\\BoundMethod::callBoundMethod()
#26 /var/www/html/vendor/laravel/framework/src/Illuminate/Container/Container.php(653): Illuminate\\Container\\BoundMethod::call()
#27 /var/www/html/vendor/laravel/framework/src/Illuminate/Console/Command.php(136): Illuminate\\Container\\Container->call()
#28 /var/www/html/vendor/symfony/console/Command/Command.php(298): Illuminate\\Console\\Command->execute()
#29 /var/www/html/vendor/laravel/framework/src/Illuminate/Console/Command.php(121): Symfony\\Component\\Console\\Command\\Command->run()
#30 /var/www/html/vendor/symfony/console/Application.php(1040): Illuminate\\Console\\Command->run()
#31 /var/www/html/vendor/symfony/console/Application.php(301): Symfony\\Component\\Console\\Application->doRunCommand()
#32 /var/www/html/vendor/symfony/console/Application.php(171): Symfony\\Component\\Console\\Application->doRun()
#33 /var/www/html/vendor/laravel/framework/src/Illuminate/Console/Application.php(94): Symfony\\Component\\Console\\Application->run()
#34 /var/www/html/vendor/laravel/framework/src/Illuminate/Foundation/Console/Kernel.php(129): Illuminate\\Console\\Application->run()
#35 /var/www/html/artisan(37): Illuminate\\Foundation\\Console\\Kernel->handle()
#36 {main}

[previous exception] [object] (PDOException(code: 2002): SQLSTATE[HY000] [2002] Connection refused at /var/www/html/vendor/laravel/framework/src/Illuminate/Database/Connectors/Connector.php:70)
[stacktrace]
#0 /var/www/html/vendor/laravel/framework/src/Illuminate/Database/Connectors/Connector.php(70): PDO->__construct()
#1 /var/www/html/vendor/laravel/framework/src/Illuminate/Database/Connectors/Connector.php(100): Illuminate\\Database\\Connectors\\Connector->createPdoConnection()
#2 /var/www/html/vendor/laravel/framework/src/Illuminate/Database/Connectors/Connector.php(50): Illuminate\\Database\\Connectors\\Connector->tryAgainIfCausedByLostConnection()
#3 /var/www/html/vendor/laravel/framework/src/Illuminate/Database/Connectors/MySqlConnector.php(24): Illuminate\\Database\\Connectors\\Connector->createConnection()
#4 /var/www/html/vendor/laravel/framework/src/Illuminate/Database/Connectors/ConnectionFactory.php(184): Illuminate\\Database\\Connectors\\MySqlConnector->connect()
#5 [internal function]: Illuminate\\Database\\Connectors\\ConnectionFactory->Illuminate\\Database\\Connectors\\{closure}()
#6 /var/www/html/vendor/laravel/framework/src/Illuminate/Database/Connection.php(1064): call_user_func()
#7 /var/www/html/vendor/laravel/framework/src/Illuminate/Database/Connection.php(1100): Illuminate\\Database\\Connection->getPdo()
#8 /var/www/html/vendor/laravel/framework/src/Illuminate/Database/Connection.php(442): Illuminate\\Database\\Connection->getReadPdo()
#9 /var/www/html/vendor/laravel/framework/src/Illuminate/Database/Connection.php(368): Illuminate\\Database\\Connection->getPdoForSelect()
#10 /var/www/html/vendor/laravel/framework/src/Illuminate/Database/Connection.php(705): Illuminate\\Database\\Connection->Illuminate\\Database\\{closure}()
#11 /var/www/html/vendor/laravel/framework/src/Illuminate/Database/Connection.php(784): Illuminate\\Database\\Connection->runQueryCallback()
#12 /var/www/html/vendor/laravel/framework/src/Illuminate/Database/Connection.php(764): Illuminate\\Database\\Connection->tryAgainIfCausedByLostConnection()
#13 /var/www/html/vendor/laravel/framework/src/Illuminate/Database/Connection.php(675): Illuminate\\Database\\Connection->handleQueryException()
#14 /var/www/html/vendor/laravel/framework/src/Illuminate/Database/Connection.php(376): Illuminate\\Database\\Connection->run()
#15 /var/www/html/vendor/laravel/framework/src/Illuminate/Database/Schema/MySqlBuilder.php(44): Illuminate\\Database\\Connection->select()
#16 /var/www/html/vendor/laravel/framework/src/Illuminate/Database/Migrations/DatabaseMigrationRepository.php(169): Illuminate\\Database\\Schema\\MySqlBuilder->hasTable()
#17 /var/www/html/vendor/laravel/framework/src/Illuminate/Database/Migrations/Migrator.php(673): Illuminate\\Database\\Migrations\\DatabaseMigrationRepository->repositoryExists()
#18 /var/www/html/vendor/laravel/framework/src/Illuminate/Database/Console/Migrations/ResetCommand.php(62): Illuminate\\Database\\Migrations\\Migrator->repositoryExists()
#19 /var/www/html/vendor/laravel/framework/src/Illuminate/Database/Migrations/Migrator.php(606): Illuminate\\Database\\Console\\Migrations\\ResetCommand->Illuminate\\Database\\Console\\Migrations\\{closure}()
#20 /var/www/html/vendor/laravel/framework/src/Illuminate/Database/Console/Migrations/ResetCommand.php(69): Illuminate\\Database\\Migrations\\Migrator->usingConnection()
#21 /var/www/html/vendor/laravel/framework/src/Illuminate/Container/BoundMethod.php(36): Illuminate\\Database\\Console\\Migrations\\ResetCommand->handle()
#22 /var/www/html/vendor/laravel/framework/src/Illuminate/Container/Util.php(40): Illuminate\\Container\\BoundMethod::Illuminate\\Container\\{closure}()
#23 /var/www/html/vendor/laravel/framework/src/Illuminate/Container/BoundMethod.php(93): Illuminate\\Container\\Util::unwrapIfClosure()
#24 /var/www/html/vendor/laravel/framework/src/Illuminate/Container/BoundMethod.php(37): Illuminate\\Container\\BoundMethod::callBoundMethod()
#25 /var/www/html/vendor/laravel/framework/src/Illuminate/Container/Container.php(653): Illuminate\\Container\\BoundMethod::call()
#26 /var/www/html/vendor/laravel/framework/src/Illuminate/Console/Command.php(136): Illuminate\\Container\\Container->call()
#27 /var/www/html/vendor/symfony/console/Command/Command.php(298): Illuminate\\Console\\Command->execute()
#28 /var/www/html/vendor/laravel/framework/src/Illuminate/Console/Command.php(121): Symfony\\Component\\Console\\Command\\Command->run()
#29 /var/www/html/vendor/laravel/framework/src/Illuminate/Console/Concerns/CallsCommands.php(68): Illuminate\\Console\\Command->run()
#30 /var/www/html/vendor/laravel/framework/src/Illuminate/Console/Concerns/CallsCommands.php(28): Illuminate\\Console\\Command->runCommand()
#31 /var/www/html/vendor/laravel/framework/src/Illuminate/Database/Console/Migrations/RefreshCommand.php(110): Illuminate\\Console\\Command->call()
#32 /var/www/html/vendor/laravel/framework/src/Illuminate/Database/Console/Migrations/RefreshCommand.php(55): Illuminate\\Database\\Console\\Migrations\\RefreshCommand->runReset()
#33 /var/www/html/vendor/laravel/framework/src/Illuminate/Container/BoundMethod.php(36): Illuminate\\Database\\Console\\Migrations\\RefreshCommand->handle()
#34 /var/www/html/vendor/laravel/framework/src/Illuminate/Container/Util.php(40): Illuminate\\Container\\BoundMethod::Illuminate\\Container\\{closure}()
#35 /var/www/html/vendor/laravel/framework/src/Illuminate/Container/BoundMethod.php(93): Illuminate\\Container\\Util::unwrapIfClosure()
#36 /var/www/html/vendor/laravel/framework/src/Illuminate/Container/BoundMethod.php(37): Illuminate\\Container\\BoundMethod::callBoundMethod()
#37 /var/www/html/vendor/laravel/framework/src/Illuminate/Container/Container.php(653): Illuminate\\Container\\BoundMethod::call()
#38 /var/www/html/vendor/laravel/framework/src/Illuminate/Console/Command.php(136): Illuminate\\Container\\Container->call()
#39 /var/www/html/vendor/symfony/console/Command/Command.php(298): Illuminate\\Console\\Command->execute()
#40 /var/www/html/vendor/laravel/framework/src/Illuminate/Console/Command.php(121): Symfony\\Component\\Console\\Command\\Command->run()
#41 /var/www/html/vendor/symfony/console/Application.php(1040): Illuminate\\Console\\Command->run()
#42 /var/www/html/vendor/symfony/console/Application.php(301): Symfony\\Component\\Console\\Application->doRunCommand()
#43 /var/www/html/vendor/symfony/console/Application.php(171): Symfony\\Component\\Console\\Application->doRun()
#44 /var/www/html/vendor/laravel/framework/src/Illuminate/Console/Application.php(94): Symfony\\Component\\Console\\Application->run()
#45 /var/www/html/vendor/laravel/framework/src/Illuminate/Foundation/Console/Kernel.php(129): Illuminate\\Console\\Application->run()
#46 /var/www/html/artisan(37): Illuminate\\Foundation\\Console\\Kernel->handle()
#47 {main}
"} 
[2023-01-13 10:04:42] local.ERROR: SQLSTATE[HY000] [1045] Access denied for user 'root'@'172.20.0.3' (using password: NO) (SQL: select * from information_schema.tables where table_schema = laravel_react and table_name = migrations and table_type = 'BASE TABLE') {"exception":"[object] (Illuminate\\Database\\QueryException(code: 1045): SQLSTATE[HY000] [1045] Access denied for user 'root'@'172.20.0.3' (using password: NO) (SQL: select * from information_schema.tables where table_schema = laravel_react and table_name = migrations and table_type = 'BASE TABLE') at /var/www/html/vendor/laravel/framework/src/Illuminate/Database/Connection.php:712)
[stacktrace]
#0 /var/www/html/vendor/laravel/framework/src/Illuminate/Database/Connection.php(672): Illuminate\\Database\\Connection->runQueryCallback()
#1 /var/www/html/vendor/laravel/framework/src/Illuminate/Database/Connection.php(376): Illuminate\\Database\\Connection->run()
#2 /var/www/html/vendor/laravel/framework/src/Illuminate/Database/Schema/MySqlBuilder.php(44): Illuminate\\Database\\Connection->select()
#3 /var/www/html/vendor/laravel/framework/src/Illuminate/Database/Migrations/DatabaseMigrationRepository.php(169): Illuminate\\Database\\Schema\\MySqlBuilder->hasTable()
#4 /var/www/html/vendor/laravel/framework/src/Illuminate/Database/Migrations/Migrator.php(673): Illuminate\\Database\\Migrations\\DatabaseMigrationRepository->repositoryExists()
#5 /var/www/html/vendor/laravel/framework/src/Illuminate/Database/Console/Migrations/ResetCommand.php(62): Illuminate\\Database\\Migrations\\Migrator->repositoryExists()
#6 /var/www/html/vendor/laravel/framework/src/Illuminate/Database/Migrations/Migrator.php(606): Illuminate\\Database\\Console\\Migrations\\ResetCommand->Illuminate\\Database\\Console\\Migrations\\{closure}()
#7 /var/www/html/vendor/laravel/framework/src/Illuminate/Database/Console/Migrations/ResetCommand.php(69): Illuminate\\Database\\Migrations\\Migrator->usingConnection()
#8 /var/www/html/vendor/laravel/framework/src/Illuminate/Container/BoundMethod.php(36): Illuminate\\Database\\Console\\Migrations\\ResetCommand->handle()
#9 /var/www/html/vendor/laravel/framework/src/Illuminate/Container/Util.php(40): Illuminate\\Container\\BoundMethod::Illuminate\\Container\\{closure}()
#10 /var/www/html/vendor/laravel/framework/src/Illuminate/Container/BoundMethod.php(93): Illuminate\\Container\\Util::unwrapIfClosure()
#11 /var/www/html/vendor/laravel/framework/src/Illuminate/Container/BoundMethod.php(37): Illuminate\\Container\\BoundMethod::callBoundMethod()
#12 /var/www/html/vendor/laravel/framework/src/Illuminate/Container/Container.php(653): Illuminate\\Container\\BoundMethod::call()
#13 /var/www/html/vendor/laravel/framework/src/Illuminate/Console/Command.php(136): Illuminate\\Container\\Container->call()
#14 /var/www/html/vendor/symfony/console/Command/Command.php(298): Illuminate\\Console\\Command->execute()
#15 /var/www/html/vendor/laravel/framework/src/Illuminate/Console/Command.php(121): Symfony\\Component\\Console\\Command\\Command->run()
#16 /var/www/html/vendor/laravel/framework/src/Illuminate/Console/Concerns/CallsCommands.php(68): Illuminate\\Console\\Command->run()
#17 /var/www/html/vendor/laravel/framework/src/Illuminate/Console/Concerns/CallsCommands.php(28): Illuminate\\Console\\Command->runCommand()
#18 /var/www/html/vendor/laravel/framework/src/Illuminate/Database/Console/Migrations/RefreshCommand.php(110): Illuminate\\Console\\Command->call()
#19 /var/www/html/vendor/laravel/framework/src/Illuminate/Database/Console/Migrations/RefreshCommand.php(55): Illuminate\\Database\\Console\\Migrations\\RefreshCommand->runReset()
#20 /var/www/html/vendor/laravel/framework/src/Illuminate/Container/BoundMethod.php(36): Illuminate\\Database\\Console\\Migrations\\RefreshCommand->handle()
#21 /var/www/html/vendor/laravel/framework/src/Illuminate/Container/Util.php(40): Illuminate\\Container\\BoundMethod::Illuminate\\Container\\{closure}()
#22 /var/www/html/vendor/laravel/framework/src/Illuminate/Container/BoundMethod.php(93): Illuminate\\Container\\Util::unwrapIfClosure()
#23 /var/www/html/vendor/laravel/framework/src/Illuminate/Container/BoundMethod.php(37): Illuminate\\Container\\BoundMethod::callBoundMethod()
#24 /var/www/html/vendor/laravel/framework/src/Illuminate/Container/Container.php(653): Illuminate\\Container\\BoundMethod::call()
#25 /var/www/html/vendor/laravel/framework/src/Illuminate/Console/Command.php(136): Illuminate\\Container\\Container->call()
#26 /var/www/html/vendor/symfony/console/Command/Command.php(298): Illuminate\\Console\\Command->execute()
#27 /var/www/html/vendor/laravel/framework/src/Illuminate/Console/Command.php(121): Symfony\\Component\\Console\\Command\\Command->run()
#28 /var/www/html/vendor/symfony/console/Application.php(1040): Illuminate\\Console\\Command->run()
#29 /var/www/html/vendor/symfony/console/Application.php(301): Symfony\\Component\\Console\\Application->doRunCommand()
#30 /var/www/html/vendor/symfony/console/Application.php(171): Symfony\\Component\\Console\\Application->doRun()
#31 /var/www/html/vendor/laravel/framework/src/Illuminate/Console/Application.php(94): Symfony\\Component\\Console\\Application->run()
#32 /var/www/html/vendor/laravel/framework/src/Illuminate/Foundation/Console/Kernel.php(129): Illuminate\\Console\\Application->run()
#33 /var/www/html/artisan(37): Illuminate\\Foundation\\Console\\Kernel->handle()
#34 {main}

[previous exception] [object] (PDOException(code: 1045): SQLSTATE[HY000] [1045] Access denied for user 'root'@'172.20.0.3' (using password: NO) at /var/www/html/vendor/laravel/framework/src/Illuminate/Database/Connectors/Connector.php:70)
[stacktrace]
#0 /var/www/html/vendor/laravel/framework/src/Illuminate/Database/Connectors/Connector.php(70): PDO->__construct()
#1 /var/www/html/vendor/laravel/framework/src/Illuminate/Database/Connectors/Connector.php(46): Illuminate\\Database\\Connectors\\Connector->createPdoConnection()
#2 /var/www/html/vendor/laravel/framework/src/Illuminate/Database/Connectors/MySqlConnector.php(24): Illuminate\\Database\\Connectors\\Connector->createConnection()
#3 /var/www/html/vendor/laravel/framework/src/Illuminate/Database/Connectors/ConnectionFactory.php(184): Illuminate\\Database\\Connectors\\MySqlConnector->connect()
#4 [internal function]: Illuminate\\Database\\Connectors\\ConnectionFactory->Illuminate\\Database\\Connectors\\{closure}()
#5 /var/www/html/vendor/laravel/framework/src/Illuminate/Database/Connection.php(1064): call_user_func()
#6 /var/www/html/vendor/laravel/framework/src/Illuminate/Database/Connection.php(1100): Illuminate\\Database\\Connection->getPdo()
#7 /var/www/html/vendor/laravel/framework/src/Illuminate/Database/Connection.php(442): Illuminate\\Database\\Connection->getReadPdo()
#8 /var/www/html/vendor/laravel/framework/src/Illuminate/Database/Connection.php(368): Illuminate\\Database\\Connection->getPdoForSelect()
#9 /var/www/html/vendor/laravel/framework/src/Illuminate/Database/Connection.php(705): Illuminate\\Database\\Connection->Illuminate\\Database\\{closure}()
#10 /var/www/html/vendor/laravel/framework/src/Illuminate/Database/Connection.php(672): Illuminate\\Database\\Connection->runQueryCallback()
#11 /var/www/html/vendor/laravel/framework/src/Illuminate/Database/Connection.php(376): Illuminate\\Database\\Connection->run()
#12 /var/www/html/vendor/laravel/framework/src/Illuminate/Database/Schema/MySqlBuilder.php(44): Illuminate\\Database\\Connection->select()
#13 /var/www/html/vendor/laravel/framework/src/Illuminate/Database/Migrations/DatabaseMigrationRepository.php(169): Illuminate\\Database\\Schema\\MySqlBuilder->hasTable()
#14 /var/www/html/vendor/laravel/framework/src/Illuminate/Database/Migrations/Migrator.php(673): Illuminate\\Database\\Migrations\\DatabaseMigrationRepository->repositoryExists()
#15 /var/www/html/vendor/laravel/framework/src/Illuminate/Database/Console/Migrations/ResetCommand.php(62): Illuminate\\Database\\Migrations\\Migrator->repositoryExists()
#16 /var/www/html/vendor/laravel/framework/src/Illuminate/Database/Migrations/Migrator.php(606): Illuminate\\Database\\Console\\Migrations\\ResetCommand->Illuminate\\Database\\Console\\Migrations\\{closure}()
#17 /var/www/html/vendor/laravel/framework/src/Illuminate/Database/Console/Migrations/ResetCommand.php(69): Illuminate\\Database\\Migrations\\Migrator->usingConnection()
#18 /var/www/html/vendor/laravel/framework/src/Illuminate/Container/BoundMethod.php(36): Illuminate\\Database\\Console\\Migrations\\ResetCommand->handle()
#19 /var/www/html/vendor/laravel/framework/src/Illuminate/Container/Util.php(40): Illuminate\\Container\\BoundMethod::Illuminate\\Container\\{closure}()
#20 /var/www/html/vendor/laravel/framework/src/Illuminate/Container/BoundMethod.php(93): Illuminate\\Container\\Util::unwrapIfClosure()
#21 /var/www/html/vendor/laravel/framework/src/Illuminate/Container/BoundMethod.php(37): Illuminate\\Container\\BoundMethod::callBoundMethod()
#22 /var/www/html/vendor/laravel/framework/src/Illuminate/Container/Container.php(653): Illuminate\\Container\\BoundMethod::call()
#23 /var/www/html/vendor/laravel/framework/src/Illuminate/Console/Command.php(136): Illuminate\\Container\\Container->call()
#24 /var/www/html/vendor/symfony/console/Command/Command.php(298): Illuminate\\Console\\Command->execute()
#25 /var/www/html/vendor/laravel/framework/src/Illuminate/Console/Command.php(121): Symfony\\Component\\Console\\Command\\Command->run()
#26 /var/www/html/vendor/laravel/framework/src/Illuminate/Console/Concerns/CallsCommands.php(68): Illuminate\\Console\\Command->run()
#27 /var/www/html/vendor/laravel/framework/src/Illuminate/Console/Concerns/CallsCommands.php(28): Illuminate\\Console\\Command->runCommand()
#28 /var/www/html/vendor/laravel/framework/src/Illuminate/Database/Console/Migrations/RefreshCommand.php(110): Illuminate\\Console\\Command->call()
#29 /var/www/html/vendor/laravel/framework/src/Illuminate/Database/Console/Migrations/RefreshCommand.php(55): Illuminate\\Database\\Console\\Migrations\\RefreshCommand->runReset()
#30 /var/www/html/vendor/laravel/framework/src/Illuminate/Container/BoundMethod.php(36): Illuminate\\Database\\Console\\Migrations\\RefreshCommand->handle()
#31 /var/www/html/vendor/laravel/framework/src/Illuminate/Container/Util.php(40): Illuminate\\Container\\BoundMethod::Illuminate\\Container\\{closure}()
#32 /var/www/html/vendor/laravel/framework/src/Illuminate/Container/BoundMethod.php(93): Illuminate\\Container\\Util::unwrapIfClosure()
#33 /var/www/html/vendor/laravel/framework/src/Illuminate/Container/BoundMethod.php(37): Illuminate\\Container\\BoundMethod::callBoundMethod()
#34 /var/www/html/vendor/laravel/framework/src/Illuminate/Container/Container.php(653): Illuminate\\Container\\BoundMethod::call()
#35 /var/www/html/vendor/laravel/framework/src/Illuminate/Console/Command.php(136): Illuminate\\Container\\Container->call()
#36 /var/www/html/vendor/symfony/console/Command/Command.php(298): Illuminate\\Console\\Command->execute()
#37 /var/www/html/vendor/laravel/framework/src/Illuminate/Console/Command.php(121): Symfony\\Component\\Console\\Command\\Command->run()
#38 /var/www/html/vendor/symfony/console/Application.php(1040): Illuminate\\Console\\Command->run()
#39 /var/www/html/vendor/symfony/console/Application.php(301): Symfony\\Component\\Console\\Application->doRunCommand()
#40 /var/www/html/vendor/symfony/console/Application.php(171): Symfony\\Component\\Console\\Application->doRun()
#41 /var/www/html/vendor/laravel/framework/src/Illuminate/Console/Application.php(94): Symfony\\Component\\Console\\Application->run()
#42 /var/www/html/vendor/laravel/framework/src/Illuminate/Foundation/Console/Kernel.php(129): Illuminate\\Console\\Application->run()
#43 /var/www/html/artisan(37): Illuminate\\Foundation\\Console\\Kernel->handle()
#44 {main}
"} 
[2023-01-13 10:04:59] local.ERROR: SQLSTATE[HY000] [2002] Connection refused (SQL: select * from information_schema.tables where table_schema = laravel_react and table_name = migrations and table_type = 'BASE TABLE') {"exception":"[object] (Illuminate\\Database\\QueryException(code: 2002): SQLSTATE[HY000] [2002] Connection refused (SQL: select * from information_schema.tables where table_schema = laravel_react and table_name = migrations and table_type = 'BASE TABLE') at /var/www/html/vendor/laravel/framework/src/Illuminate/Database/Connection.php:712)
[stacktrace]
#0 /var/www/html/vendor/laravel/framework/src/Illuminate/Database/Connection.php(784): Illuminate\\Database\\Connection->runQueryCallback()
#1 /var/www/html/vendor/laravel/framework/src/Illuminate/Database/Connection.php(764): Illuminate\\Database\\Connection->tryAgainIfCausedByLostConnection()
#2 /var/www/html/vendor/laravel/framework/src/Illuminate/Database/Connection.php(675): Illuminate\\Database\\Connection->handleQueryException()
#3 /var/www/html/vendor/laravel/framework/src/Illuminate/Database/Connection.php(376): Illuminate\\Database\\Connection->run()
#4 /var/www/html/vendor/laravel/framework/src/Illuminate/Database/Schema/MySqlBuilder.php(44): Illuminate\\Database\\Connection->select()
#5 /var/www/html/vendor/laravel/framework/src/Illuminate/Database/Migrations/DatabaseMigrationRepository.php(169): Illuminate\\Database\\Schema\\MySqlBuilder->hasTable()
#6 /var/www/html/vendor/laravel/framework/src/Illuminate/Database/Migrations/Migrator.php(673): Illuminate\\Database\\Migrations\\DatabaseMigrationRepository->repositoryExists()
#7 /var/www/html/vendor/laravel/framework/src/Illuminate/Database/Console/Migrations/ResetCommand.php(62): Illuminate\\Database\\Migrations\\Migrator->repositoryExists()
#8 /var/www/html/vendor/laravel/framework/src/Illuminate/Database/Migrations/Migrator.php(606): Illuminate\\Database\\Console\\Migrations\\ResetCommand->Illuminate\\Database\\Console\\Migrations\\{closure}()
#9 /var/www/html/vendor/laravel/framework/src/Illuminate/Database/Console/Migrations/ResetCommand.php(69): Illuminate\\Database\\Migrations\\Migrator->usingConnection()
#10 /var/www/html/vendor/laravel/framework/src/Illuminate/Container/BoundMethod.php(36): Illuminate\\Database\\Console\\Migrations\\ResetCommand->handle()
#11 /var/www/html/vendor/laravel/framework/src/Illuminate/Container/Util.php(40): Illuminate\\Container\\BoundMethod::Illuminate\\Container\\{closure}()
#12 /var/www/html/vendor/laravel/framework/src/Illuminate/Container/BoundMethod.php(93): Illuminate\\Container\\Util::unwrapIfClosure()
#13 /var/www/html/vendor/laravel/framework/src/Illuminate/Container/BoundMethod.php(37): Illuminate\\Container\\BoundMethod::callBoundMethod()
#14 /var/www/html/vendor/laravel/framework/src/Illuminate/Container/Container.php(653): Illuminate\\Container\\BoundMethod::call()
#15 /var/www/html/vendor/laravel/framework/src/Illuminate/Console/Command.php(136): Illuminate\\Container\\Container->call()
#16 /var/www/html/vendor/symfony/console/Command/Command.php(298): Illuminate\\Console\\Command->execute()
#17 /var/www/html/vendor/laravel/framework/src/Illuminate/Console/Command.php(121): Symfony\\Component\\Console\\Command\\Command->run()
#18 /var/www/html/vendor/laravel/framework/src/Illuminate/Console/Concerns/CallsCommands.php(68): Illuminate\\Console\\Command->run()
#19 /var/www/html/vendor/laravel/framework/src/Illuminate/Console/Concerns/CallsCommands.php(28): Illuminate\\Console\\Command->runCommand()
#20 /var/www/html/vendor/laravel/framework/src/Illuminate/Database/Console/Migrations/RefreshCommand.php(110): Illuminate\\Console\\Command->call()
#21 /var/www/html/vendor/laravel/framework/src/Illuminate/Database/Console/Migrations/RefreshCommand.php(55): Illuminate\\Database\\Console\\Migrations\\RefreshCommand->runReset()
#22 /var/www/html/vendor/laravel/framework/src/Illuminate/Container/BoundMethod.php(36): Illuminate\\Database\\Console\\Migrations\\RefreshCommand->handle()
#23 /var/www/html/vendor/laravel/framework/src/Illuminate/Container/Util.php(40): Illuminate\\Container\\BoundMethod::Illuminate\\Container\\{closure}()
#24 /var/www/html/vendor/laravel/framework/src/Illuminate/Container/BoundMethod.php(93): Illuminate\\Container\\Util::unwrapIfClosure()
#25 /var/www/html/vendor/laravel/framework/src/Illuminate/Container/BoundMethod.php(37): Illuminate\\Container\\BoundMethod::callBoundMethod()
#26 /var/www/html/vendor/laravel/framework/src/Illuminate/Container/Container.php(653): Illuminate\\Container\\BoundMethod::call()
#27 /var/www/html/vendor/laravel/framework/src/Illuminate/Console/Command.php(136): Illuminate\\Container\\Container->call()
#28 /var/www/html/vendor/symfony/console/Command/Command.php(298): Illuminate\\Console\\Command->execute()
#29 /var/www/html/vendor/laravel/framework/src/Illuminate/Console/Command.php(121): Symfony\\Component\\Console\\Command\\Command->run()
#30 /var/www/html/vendor/symfony/console/Application.php(1040): Illuminate\\Console\\Command->run()
#31 /var/www/html/vendor/symfony/console/Application.php(301): Symfony\\Component\\Console\\Application->doRunCommand()
#32 /var/www/html/vendor/symfony/console/Application.php(171): Symfony\\Component\\Console\\Application->doRun()
#33 /var/www/html/vendor/laravel/framework/src/Illuminate/Console/Application.php(94): Symfony\\Component\\Console\\Application->run()
#34 /var/www/html/vendor/laravel/framework/src/Illuminate/Foundation/Console/Kernel.php(129): Illuminate\\Console\\Application->run()
#35 /var/www/html/artisan(37): Illuminate\\Foundation\\Console\\Kernel->handle()
#36 {main}

[previous exception] [object] (PDOException(code: 2002): SQLSTATE[HY000] [2002] Connection refused at /var/www/html/vendor/laravel/framework/src/Illuminate/Database/Connectors/Connector.php:70)
[stacktrace]
#0 /var/www/html/vendor/laravel/framework/src/Illuminate/Database/Connectors/Connector.php(70): PDO->__construct()
#1 /var/www/html/vendor/laravel/framework/src/Illuminate/Database/Connectors/Connector.php(100): Illuminate\\Database\\Connectors\\Connector->createPdoConnection()
#2 /var/www/html/vendor/laravel/framework/src/Illuminate/Database/Connectors/Connector.php(50): Illuminate\\Database\\Connectors\\Connector->tryAgainIfCausedByLostConnection()
#3 /var/www/html/vendor/laravel/framework/src/Illuminate/Database/Connectors/MySqlConnector.php(24): Illuminate\\Database\\Connectors\\Connector->createConnection()
#4 /var/www/html/vendor/laravel/framework/src/Illuminate/Database/Connectors/ConnectionFactory.php(184): Illuminate\\Database\\Connectors\\MySqlConnector->connect()
#5 [internal function]: Illuminate\\Database\\Connectors\\ConnectionFactory->Illuminate\\Database\\Connectors\\{closure}()
#6 /var/www/html/vendor/laravel/framework/src/Illuminate/Database/Connection.php(1064): call_user_func()
#7 /var/www/html/vendor/laravel/framework/src/Illuminate/Database/Connection.php(1100): Illuminate\\Database\\Connection->getPdo()
#8 /var/www/html/vendor/laravel/framework/src/Illuminate/Database/Connection.php(442): Illuminate\\Database\\Connection->getReadPdo()
#9 /var/www/html/vendor/laravel/framework/src/Illuminate/Database/Connection.php(368): Illuminate\\Database\\Connection->getPdoForSelect()
#10 /var/www/html/vendor/laravel/framework/src/Illuminate/Database/Connection.php(705): Illuminate\\Database\\Connection->Illuminate\\Database\\{closure}()
#11 /var/www/html/vendor/laravel/framework/src/Illuminate/Database/Connection.php(784): Illuminate\\Database\\Connection->runQueryCallback()
#12 /var/www/html/vendor/laravel/framework/src/Illuminate/Database/Connection.php(764): Illuminate\\Database\\Connection->tryAgainIfCausedByLostConnection()
#13 /var/www/html/vendor/laravel/framework/src/Illuminate/Database/Connection.php(675): Illuminate\\Database\\Connection->handleQueryException()
#14 /var/www/html/vendor/laravel/framework/src/Illuminate/Database/Connection.php(376): Illuminate\\Database\\Connection->run()
#15 /var/www/html/vendor/laravel/framework/src/Illuminate/Database/Schema/MySqlBuilder.php(44): Illuminate\\Database\\Connection->select()
#16 /var/www/html/vendor/laravel/framework/src/Illuminate/Database/Migrations/DatabaseMigrationRepository.php(169): Illuminate\\Database\\Schema\\MySqlBuilder->hasTable()
#17 /var/www/html/vendor/laravel/framework/src/Illuminate/Database/Migrations/Migrator.php(673): Illuminate\\Database\\Migrations\\DatabaseMigrationRepository->repositoryExists()
#18 /var/www/html/vendor/laravel/framework/src/Illuminate/Database/Console/Migrations/ResetCommand.php(62): Illuminate\\Database\\Migrations\\Migrator->repositoryExists()
#19 /var/www/html/vendor/laravel/framework/src/Illuminate/Database/Migrations/Migrator.php(606): Illuminate\\Database\\Console\\Migrations\\ResetCommand->Illuminate\\Database\\Console\\Migrations\\{closure}()
#20 /var/www/html/vendor/laravel/framework/src/Illuminate/Database/Console/Migrations/ResetCommand.php(69): Illuminate\\Database\\Migrations\\Migrator->usingConnection()
#21 /var/www/html/vendor/laravel/framework/src/Illuminate/Container/BoundMethod.php(36): Illuminate\\Database\\Console\\Migrations\\ResetCommand->handle()
#22 /var/www/html/vendor/laravel/framework/src/Illuminate/Container/Util.php(40): Illuminate\\Container\\BoundMethod::Illuminate\\Container\\{closure}()
#23 /var/www/html/vendor/laravel/framework/src/Illuminate/Container/BoundMethod.php(93): Illuminate\\Container\\Util::unwrapIfClosure()
#24 /var/www/html/vendor/laravel/framework/src/Illuminate/Container/BoundMethod.php(37): Illuminate\\Container\\BoundMethod::callBoundMethod()
#25 /var/www/html/vendor/laravel/framework/src/Illuminate/Container/Container.php(653): Illuminate\\Container\\BoundMethod::call()
#26 /var/www/html/vendor/laravel/framework/src/Illuminate/Console/Command.php(136): Illuminate\\Container\\Container->call()
#27 /var/www/html/vendor/symfony/console/Command/Command.php(298): Illuminate\\Console\\Command->execute()
#28 /var/www/html/vendor/laravel/framework/src/Illuminate/Console/Command.php(121): Symfony\\Component\\Console\\Command\\Command->run()
#29 /var/www/html/vendor/laravel/framework/src/Illuminate/Console/Concerns/CallsCommands.php(68): Illuminate\\Console\\Command->run()
#30 /var/www/html/vendor/laravel/framework/src/Illuminate/Console/Concerns/CallsCommands.php(28): Illuminate\\Console\\Command->runCommand()
#31 /var/www/html/vendor/laravel/framework/src/Illuminate/Database/Console/Migrations/RefreshCommand.php(110): Illuminate\\Console\\Command->call()
#32 /var/www/html/vendor/laravel/framework/src/Illuminate/Database/Console/Migrations/RefreshCommand.php(55): Illuminate\\Database\\Console\\Migrations\\RefreshCommand->runReset()
#33 /var/www/html/vendor/laravel/framework/src/Illuminate/Container/BoundMethod.php(36): Illuminate\\Database\\Console\\Migrations\\RefreshCommand->handle()
#34 /var/www/html/vendor/laravel/framework/src/Illuminate/Container/Util.php(40): Illuminate\\Container\\BoundMethod::Illuminate\\Container\\{closure}()
#35 /var/www/html/vendor/laravel/framework/src/Illuminate/Container/BoundMethod.php(93): Illuminate\\Container\\Util::unwrapIfClosure()
#36 /var/www/html/vendor/laravel/framework/src/Illuminate/Container/BoundMethod.php(37): Illuminate\\Container\\BoundMethod::callBoundMethod()
#37 /var/www/html/vendor/laravel/framework/src/Illuminate/Container/Container.php(653): Illuminate\\Container\\BoundMethod::call()
#38 /var/www/html/vendor/laravel/framework/src/Illuminate/Console/Command.php(136): Illuminate\\Container\\Container->call()
#39 /var/www/html/vendor/symfony/console/Command/Command.php(298): Illuminate\\Console\\Command->execute()
#40 /var/www/html/vendor/laravel/framework/src/Illuminate/Console/Command.php(121): Symfony\\Component\\Console\\Command\\Command->run()
#41 /var/www/html/vendor/symfony/console/Application.php(1040): Illuminate\\Console\\Command->run()
#42 /var/www/html/vendor/symfony/console/Application.php(301): Symfony\\Component\\Console\\Application->doRunCommand()
#43 /var/www/html/vendor/symfony/console/Application.php(171): Symfony\\Component\\Console\\Application->doRun()
#44 /var/www/html/vendor/laravel/framework/src/Illuminate/Console/Application.php(94): Symfony\\Component\\Console\\Application->run()
#45 /var/www/html/vendor/laravel/framework/src/Illuminate/Foundation/Console/Kernel.php(129): Illuminate\\Console\\Application->run()
#46 /var/www/html/artisan(37): Illuminate\\Foundation\\Console\\Kernel->handle()
#47 {main}
"} 
[2023-01-13 10:10:49] local.ERROR: SQLSTATE[HY000] [1045] Access denied for user 'root'@'172.21.0.3' (using password: NO) (SQL: select * from information_schema.tables where table_schema = pagespeed_insights and table_name = migrations and table_type = 'BASE TABLE') {"exception":"[object] (Illuminate\\Database\\QueryException(code: 1045): SQLSTATE[HY000] [1045] Access denied for user 'root'@'172.21.0.3' (using password: NO) (SQL: select * from information_schema.tables where table_schema = pagespeed_insights and table_name = migrations and table_type = 'BASE TABLE') at /var/www/html/vendor/laravel/framework/src/Illuminate/Database/Connection.php:712)
[stacktrace]
#0 /var/www/html/vendor/laravel/framework/src/Illuminate/Database/Connection.php(672): Illuminate\\Database\\Connection->runQueryCallback()
#1 /var/www/html/vendor/laravel/framework/src/Illuminate/Database/Connection.php(376): Illuminate\\Database\\Connection->run()
#2 /var/www/html/vendor/laravel/framework/src/Illuminate/Database/Schema/MySqlBuilder.php(44): Illuminate\\Database\\Connection->select()
#3 /var/www/html/vendor/laravel/framework/src/Illuminate/Database/Migrations/DatabaseMigrationRepository.php(169): Illuminate\\Database\\Schema\\MySqlBuilder->hasTable()
#4 /var/www/html/vendor/laravel/framework/src/Illuminate/Database/Migrations/Migrator.php(673): Illuminate\\Database\\Migrations\\DatabaseMigrationRepository->repositoryExists()
#5 /var/www/html/vendor/laravel/framework/src/Illuminate/Database/Console/Migrations/ResetCommand.php(62): Illuminate\\Database\\Migrations\\Migrator->repositoryExists()
#6 /var/www/html/vendor/laravel/framework/src/Illuminate/Database/Migrations/Migrator.php(606): Illuminate\\Database\\Console\\Migrations\\ResetCommand->Illuminate\\Database\\Console\\Migrations\\{closure}()
#7 /var/www/html/vendor/laravel/framework/src/Illuminate/Database/Console/Migrations/ResetCommand.php(69): Illuminate\\Database\\Migrations\\Migrator->usingConnection()
#8 /var/www/html/vendor/laravel/framework/src/Illuminate/Container/BoundMethod.php(36): Illuminate\\Database\\Console\\Migrations\\ResetCommand->handle()
#9 /var/www/html/vendor/laravel/framework/src/Illuminate/Container/Util.php(40): Illuminate\\Container\\BoundMethod::Illuminate\\Container\\{closure}()
#10 /var/www/html/vendor/laravel/framework/src/Illuminate/Container/BoundMethod.php(93): Illuminate\\Container\\Util::unwrapIfClosure()
#11 /var/www/html/vendor/laravel/framework/src/Illuminate/Container/BoundMethod.php(37): Illuminate\\Container\\BoundMethod::callBoundMethod()
#12 /var/www/html/vendor/laravel/framework/src/Illuminate/Container/Container.php(653): Illuminate\\Container\\BoundMethod::call()
#13 /var/www/html/vendor/laravel/framework/src/Illuminate/Console/Command.php(136): Illuminate\\Container\\Container->call()
#14 /var/www/html/vendor/symfony/console/Command/Command.php(298): Illuminate\\Console\\Command->execute()
#15 /var/www/html/vendor/laravel/framework/src/Illuminate/Console/Command.php(121): Symfony\\Component\\Console\\Command\\Command->run()
#16 /var/www/html/vendor/laravel/framework/src/Illuminate/Console/Concerns/CallsCommands.php(68): Illuminate\\Console\\Command->run()
#17 /var/www/html/vendor/laravel/framework/src/Illuminate/Console/Concerns/CallsCommands.php(28): Illuminate\\Console\\Command->runCommand()
#18 /var/www/html/vendor/laravel/framework/src/Illuminate/Database/Console/Migrations/RefreshCommand.php(110): Illuminate\\Console\\Command->call()
#19 /var/www/html/vendor/laravel/framework/src/Illuminate/Database/Console/Migrations/RefreshCommand.php(55): Illuminate\\Database\\Console\\Migrations\\RefreshCommand->runReset()
#20 /var/www/html/vendor/laravel/framework/src/Illuminate/Container/BoundMethod.php(36): Illuminate\\Database\\Console\\Migrations\\RefreshCommand->handle()
#21 /var/www/html/vendor/laravel/framework/src/Illuminate/Container/Util.php(40): Illuminate\\Container\\BoundMethod::Illuminate\\Container\\{closure}()
#22 /var/www/html/vendor/laravel/framework/src/Illuminate/Container/BoundMethod.php(93): Illuminate\\Container\\Util::unwrapIfClosure()
#23 /var/www/html/vendor/laravel/framework/src/Illuminate/Container/BoundMethod.php(37): Illuminate\\Container\\BoundMethod::callBoundMethod()
#24 /var/www/html/vendor/laravel/framework/src/Illuminate/Container/Container.php(653): Illuminate\\Container\\BoundMethod::call()
#25 /var/www/html/vendor/laravel/framework/src/Illuminate/Console/Command.php(136): Illuminate\\Container\\Container->call()
#26 /var/www/html/vendor/symfony/console/Command/Command.php(298): Illuminate\\Console\\Command->execute()
#27 /var/www/html/vendor/laravel/framework/src/Illuminate/Console/Command.php(121): Symfony\\Component\\Console\\Command\\Command->run()
#28 /var/www/html/vendor/symfony/console/Application.php(1040): Illuminate\\Console\\Command->run()
#29 /var/www/html/vendor/symfony/console/Application.php(301): Symfony\\Component\\Console\\Application->doRunCommand()
#30 /var/www/html/vendor/symfony/console/Application.php(171): Symfony\\Component\\Console\\Application->doRun()
#31 /var/www/html/vendor/laravel/framework/src/Illuminate/Console/Application.php(94): Symfony\\Component\\Console\\Application->run()
#32 /var/www/html/vendor/laravel/framework/src/Illuminate/Foundation/Console/Kernel.php(129): Illuminate\\Console\\Application->run()
#33 /var/www/html/artisan(37): Illuminate\\Foundation\\Console\\Kernel->handle()
#34 {main}

[previous exception] [object] (PDOException(code: 1045): SQLSTATE[HY000] [1045] Access denied for user 'root'@'172.21.0.3' (using password: NO) at /var/www/html/vendor/laravel/framework/src/Illuminate/Database/Connectors/Connector.php:70)
[stacktrace]
#0 /var/www/html/vendor/laravel/framework/src/Illuminate/Database/Connectors/Connector.php(70): PDO->__construct()
#1 /var/www/html/vendor/laravel/framework/src/Illuminate/Database/Connectors/Connector.php(46): Illuminate\\Database\\Connectors\\Connector->createPdoConnection()
#2 /var/www/html/vendor/laravel/framework/src/Illuminate/Database/Connectors/MySqlConnector.php(24): Illuminate\\Database\\Connectors\\Connector->createConnection()
#3 /var/www/html/vendor/laravel/framework/src/Illuminate/Database/Connectors/ConnectionFactory.php(184): Illuminate\\Database\\Connectors\\MySqlConnector->connect()
#4 [internal function]: Illuminate\\Database\\Connectors\\ConnectionFactory->Illuminate\\Database\\Connectors\\{closure}()
#5 /var/www/html/vendor/laravel/framework/src/Illuminate/Database/Connection.php(1064): call_user_func()
#6 /var/www/html/vendor/laravel/framework/src/Illuminate/Database/Connection.php(1100): Illuminate\\Database\\Connection->getPdo()
#7 /var/www/html/vendor/laravel/framework/src/Illuminate/Database/Connection.php(442): Illuminate\\Database\\Connection->getReadPdo()
#8 /var/www/html/vendor/laravel/framework/src/Illuminate/Database/Connection.php(368): Illuminate\\Database\\Connection->getPdoForSelect()
#9 /var/www/html/vendor/laravel/framework/src/Illuminate/Database/Connection.php(705): Illuminate\\Database\\Connection->Illuminate\\Database\\{closure}()
#10 /var/www/html/vendor/laravel/framework/src/Illuminate/Database/Connection.php(672): Illuminate\\Database\\Connection->runQueryCallback()
#11 /var/www/html/vendor/laravel/framework/src/Illuminate/Database/Connection.php(376): Illuminate\\Database\\Connection->run()
#12 /var/www/html/vendor/laravel/framework/src/Illuminate/Database/Schema/MySqlBuilder.php(44): Illuminate\\Database\\Connection->select()
#13 /var/www/html/vendor/laravel/framework/src/Illuminate/Database/Migrations/DatabaseMigrationRepository.php(169): Illuminate\\Database\\Schema\\MySqlBuilder->hasTable()
#14 /var/www/html/vendor/laravel/framework/src/Illuminate/Database/Migrations/Migrator.php(673): Illuminate\\Database\\Migrations\\DatabaseMigrationRepository->repositoryExists()
#15 /var/www/html/vendor/laravel/framework/src/Illuminate/Database/Console/Migrations/ResetCommand.php(62): Illuminate\\Database\\Migrations\\Migrator->repositoryExists()
#16 /var/www/html/vendor/laravel/framework/src/Illuminate/Database/Migrations/Migrator.php(606): Illuminate\\Database\\Console\\Migrations\\ResetCommand->Illuminate\\Database\\Console\\Migrations\\{closure}()
#17 /var/www/html/vendor/laravel/framework/src/Illuminate/Database/Console/Migrations/ResetCommand.php(69): Illuminate\\Database\\Migrations\\Migrator->usingConnection()
#18 /var/www/html/vendor/laravel/framework/src/Illuminate/Container/BoundMethod.php(36): Illuminate\\Database\\Console\\Migrations\\ResetCommand->handle()
#19 /var/www/html/vendor/laravel/framework/src/Illuminate/Container/Util.php(40): Illuminate\\Container\\BoundMethod::Illuminate\\Container\\{closure}()
#20 /var/www/html/vendor/laravel/framework/src/Illuminate/Container/BoundMethod.php(93): Illuminate\\Container\\Util::unwrapIfClosure()
#21 /var/www/html/vendor/laravel/framework/src/Illuminate/Container/BoundMethod.php(37): Illuminate\\Container\\BoundMethod::callBoundMethod()
#22 /var/www/html/vendor/laravel/framework/src/Illuminate/Container/Container.php(653): Illuminate\\Container\\BoundMethod::call()
#23 /var/www/html/vendor/laravel/framework/src/Illuminate/Console/Command.php(136): Illuminate\\Container\\Container->call()
#24 /var/www/html/vendor/symfony/console/Command/Command.php(298): Illuminate\\Console\\Command->execute()
#25 /var/www/html/vendor/laravel/framework/src/Illuminate/Console/Command.php(121): Symfony\\Component\\Console\\Command\\Command->run()
#26 /var/www/html/vendor/laravel/framework/src/Illuminate/Console/Concerns/CallsCommands.php(68): Illuminate\\Console\\Command->run()
#27 /var/www/html/vendor/laravel/framework/src/Illuminate/Console/Concerns/CallsCommands.php(28): Illuminate\\Console\\Command->runCommand()
#28 /var/www/html/vendor/laravel/framework/src/Illuminate/Database/Console/Migrations/RefreshCommand.php(110): Illuminate\\Console\\Command->call()
#29 /var/www/html/vendor/laravel/framework/src/Illuminate/Database/Console/Migrations/RefreshCommand.php(55): Illuminate\\Database\\Console\\Migrations\\RefreshCommand->runReset()
#30 /var/www/html/vendor/laravel/framework/src/Illuminate/Container/BoundMethod.php(36): Illuminate\\Database\\Console\\Migrations\\RefreshCommand->handle()
#31 /var/www/html/vendor/laravel/framework/src/Illuminate/Container/Util.php(40): Illuminate\\Container\\BoundMethod::Illuminate\\Container\\{closure}()
#32 /var/www/html/vendor/laravel/framework/src/Illuminate/Container/BoundMethod.php(93): Illuminate\\Container\\Util::unwrapIfClosure()
#33 /var/www/html/vendor/laravel/framework/src/Illuminate/Container/BoundMethod.php(37): Illuminate\\Container\\BoundMethod::callBoundMethod()
#34 /var/www/html/vendor/laravel/framework/src/Illuminate/Container/Container.php(653): Illuminate\\Container\\BoundMethod::call()
#35 /var/www/html/vendor/laravel/framework/src/Illuminate/Console/Command.php(136): Illuminate\\Container\\Container->call()
#36 /var/www/html/vendor/symfony/console/Command/Command.php(298): Illuminate\\Console\\Command->execute()
#37 /var/www/html/vendor/laravel/framework/src/Illuminate/Console/Command.php(121): Symfony\\Component\\Console\\Command\\Command->run()
#38 /var/www/html/vendor/symfony/console/Application.php(1040): Illuminate\\Console\\Command->run()
#39 /var/www/html/vendor/symfony/console/Application.php(301): Symfony\\Component\\Console\\Application->doRunCommand()
#40 /var/www/html/vendor/symfony/console/Application.php(171): Symfony\\Component\\Console\\Application->doRun()
#41 /var/www/html/vendor/laravel/framework/src/Illuminate/Console/Application.php(94): Symfony\\Component\\Console\\Application->run()
#42 /var/www/html/vendor/laravel/framework/src/Illuminate/Foundation/Console/Kernel.php(129): Illuminate\\Console\\Application->run()
#43 /var/www/html/artisan(37): Illuminate\\Foundation\\Console\\Kernel->handle()
#44 {main}
"} 
[2023-01-13 10:11:49] local.ERROR: SQLSTATE[HY000] [1045] Access denied for user 'root'@'172.22.0.3' (using password: NO) (SQL: select * from information_schema.tables where table_schema = pagespeed_insights and table_name = migrations and table_type = 'BASE TABLE') {"exception":"[object] (Illuminate\\Database\\QueryException(code: 1045): SQLSTATE[HY000] [1045] Access denied for user 'root'@'172.22.0.3' (using password: NO) (SQL: select * from information_schema.tables where table_schema = pagespeed_insights and table_name = migrations and table_type = 'BASE TABLE') at /var/www/html/vendor/laravel/framework/src/Illuminate/Database/Connection.php:712)
[stacktrace]
#0 /var/www/html/vendor/laravel/framework/src/Illuminate/Database/Connection.php(672): Illuminate\\Database\\Connection->runQueryCallback()
#1 /var/www/html/vendor/laravel/framework/src/Illuminate/Database/Connection.php(376): Illuminate\\Database\\Connection->run()
#2 /var/www/html/vendor/laravel/framework/src/Illuminate/Database/Schema/MySqlBuilder.php(44): Illuminate\\Database\\Connection->select()
#3 /var/www/html/vendor/laravel/framework/src/Illuminate/Database/Migrations/DatabaseMigrationRepository.php(169): Illuminate\\Database\\Schema\\MySqlBuilder->hasTable()
#4 /var/www/html/vendor/laravel/framework/src/Illuminate/Database/Migrations/Migrator.php(673): Illuminate\\Database\\Migrations\\DatabaseMigrationRepository->repositoryExists()
#5 /var/www/html/vendor/laravel/framework/src/Illuminate/Database/Console/Migrations/ResetCommand.php(62): Illuminate\\Database\\Migrations\\Migrator->repositoryExists()
#6 /var/www/html/vendor/laravel/framework/src/Illuminate/Database/Migrations/Migrator.php(606): Illuminate\\Database\\Console\\Migrations\\ResetCommand->Illuminate\\Database\\Console\\Migrations\\{closure}()
#7 /var/www/html/vendor/laravel/framework/src/Illuminate/Database/Console/Migrations/ResetCommand.php(69): Illuminate\\Database\\Migrations\\Migrator->usingConnection()
#8 /var/www/html/vendor/laravel/framework/src/Illuminate/Container/BoundMethod.php(36): Illuminate\\Database\\Console\\Migrations\\ResetCommand->handle()
#9 /var/www/html/vendor/laravel/framework/src/Illuminate/Container/Util.php(40): Illuminate\\Container\\BoundMethod::Illuminate\\Container\\{closure}()
#10 /var/www/html/vendor/laravel/framework/src/Illuminate/Container/BoundMethod.php(93): Illuminate\\Container\\Util::unwrapIfClosure()
#11 /var/www/html/vendor/laravel/framework/src/Illuminate/Container/BoundMethod.php(37): Illuminate\\Container\\BoundMethod::callBoundMethod()
#12 /var/www/html/vendor/laravel/framework/src/Illuminate/Container/Container.php(653): Illuminate\\Container\\BoundMethod::call()
#13 /var/www/html/vendor/laravel/framework/src/Illuminate/Console/Command.php(136): Illuminate\\Container\\Container->call()
#14 /var/www/html/vendor/symfony/console/Command/Command.php(298): Illuminate\\Console\\Command->execute()
#15 /var/www/html/vendor/laravel/framework/src/Illuminate/Console/Command.php(121): Symfony\\Component\\Console\\Command\\Command->run()
#16 /var/www/html/vendor/laravel/framework/src/Illuminate/Console/Concerns/CallsCommands.php(68): Illuminate\\Console\\Command->run()
#17 /var/www/html/vendor/laravel/framework/src/Illuminate/Console/Concerns/CallsCommands.php(28): Illuminate\\Console\\Command->runCommand()
#18 /var/www/html/vendor/laravel/framework/src/Illuminate/Database/Console/Migrations/RefreshCommand.php(110): Illuminate\\Console\\Command->call()
#19 /var/www/html/vendor/laravel/framework/src/Illuminate/Database/Console/Migrations/RefreshCommand.php(55): Illuminate\\Database\\Console\\Migrations\\RefreshCommand->runReset()
#20 /var/www/html/vendor/laravel/framework/src/Illuminate/Container/BoundMethod.php(36): Illuminate\\Database\\Console\\Migrations\\RefreshCommand->handle()
#21 /var/www/html/vendor/laravel/framework/src/Illuminate/Container/Util.php(40): Illuminate\\Container\\BoundMethod::Illuminate\\Container\\{closure}()
#22 /var/www/html/vendor/laravel/framework/src/Illuminate/Container/BoundMethod.php(93): Illuminate\\Container\\Util::unwrapIfClosure()
#23 /var/www/html/vendor/laravel/framework/src/Illuminate/Container/BoundMethod.php(37): Illuminate\\Container\\BoundMethod::callBoundMethod()
#24 /var/www/html/vendor/laravel/framework/src/Illuminate/Container/Container.php(653): Illuminate\\Container\\BoundMethod::call()
#25 /var/www/html/vendor/laravel/framework/src/Illuminate/Console/Command.php(136): Illuminate\\Container\\Container->call()
#26 /var/www/html/vendor/symfony/console/Command/Command.php(298): Illuminate\\Console\\Command->execute()
#27 /var/www/html/vendor/laravel/framework/src/Illuminate/Console/Command.php(121): Symfony\\Component\\Console\\Command\\Command->run()
#28 /var/www/html/vendor/symfony/console/Application.php(1040): Illuminate\\Console\\Command->run()
#29 /var/www/html/vendor/symfony/console/Application.php(301): Symfony\\Component\\Console\\Application->doRunCommand()
#30 /var/www/html/vendor/symfony/console/Application.php(171): Symfony\\Component\\Console\\Application->doRun()
#31 /var/www/html/vendor/laravel/framework/src/Illuminate/Console/Application.php(94): Symfony\\Component\\Console\\Application->run()
#32 /var/www/html/vendor/laravel/framework/src/Illuminate/Foundation/Console/Kernel.php(129): Illuminate\\Console\\Application->run()
#33 /var/www/html/artisan(37): Illuminate\\Foundation\\Console\\Kernel->handle()
#34 {main}

[previous exception] [object] (PDOException(code: 1045): SQLSTATE[HY000] [1045] Access denied for user 'root'@'172.22.0.3' (using password: NO) at /var/www/html/vendor/laravel/framework/src/Illuminate/Database/Connectors/Connector.php:70)
[stacktrace]
#0 /var/www/html/vendor/laravel/framework/src/Illuminate/Database/Connectors/Connector.php(70): PDO->__construct()
#1 /var/www/html/vendor/laravel/framework/src/Illuminate/Database/Connectors/Connector.php(46): Illuminate\\Database\\Connectors\\Connector->createPdoConnection()
#2 /var/www/html/vendor/laravel/framework/src/Illuminate/Database/Connectors/MySqlConnector.php(24): Illuminate\\Database\\Connectors\\Connector->createConnection()
#3 /var/www/html/vendor/laravel/framework/src/Illuminate/Database/Connectors/ConnectionFactory.php(184): Illuminate\\Database\\Connectors\\MySqlConnector->connect()
#4 [internal function]: Illuminate\\Database\\Connectors\\ConnectionFactory->Illuminate\\Database\\Connectors\\{closure}()
#5 /var/www/html/vendor/laravel/framework/src/Illuminate/Database/Connection.php(1064): call_user_func()
#6 /var/www/html/vendor/laravel/framework/src/Illuminate/Database/Connection.php(1100): Illuminate\\Database\\Connection->getPdo()
#7 /var/www/html/vendor/laravel/framework/src/Illuminate/Database/Connection.php(442): Illuminate\\Database\\Connection->getReadPdo()
#8 /var/www/html/vendor/laravel/framework/src/Illuminate/Database/Connection.php(368): Illuminate\\Database\\Connection->getPdoForSelect()
#9 /var/www/html/vendor/laravel/framework/src/Illuminate/Database/Connection.php(705): Illuminate\\Database\\Connection->Illuminate\\Database\\{closure}()
#10 /var/www/html/vendor/laravel/framework/src/Illuminate/Database/Connection.php(672): Illuminate\\Database\\Connection->runQueryCallback()
#11 /var/www/html/vendor/laravel/framework/src/Illuminate/Database/Connection.php(376): Illuminate\\Database\\Connection->run()
#12 /var/www/html/vendor/laravel/framework/src/Illuminate/Database/Schema/MySqlBuilder.php(44): Illuminate\\Database\\Connection->select()
#13 /var/www/html/vendor/laravel/framework/src/Illuminate/Database/Migrations/DatabaseMigrationRepository.php(169): Illuminate\\Database\\Schema\\MySqlBuilder->hasTable()
#14 /var/www/html/vendor/laravel/framework/src/Illuminate/Database/Migrations/Migrator.php(673): Illuminate\\Database\\Migrations\\DatabaseMigrationRepository->repositoryExists()
#15 /var/www/html/vendor/laravel/framework/src/Illuminate/Database/Console/Migrations/ResetCommand.php(62): Illuminate\\Database\\Migrations\\Migrator->repositoryExists()
#16 /var/www/html/vendor/laravel/framework/src/Illuminate/Database/Migrations/Migrator.php(606): Illuminate\\Database\\Console\\Migrations\\ResetCommand->Illuminate\\Database\\Console\\Migrations\\{closure}()
#17 /var/www/html/vendor/laravel/framework/src/Illuminate/Database/Console/Migrations/ResetCommand.php(69): Illuminate\\Database\\Migrations\\Migrator->usingConnection()
#18 /var/www/html/vendor/laravel/framework/src/Illuminate/Container/BoundMethod.php(36): Illuminate\\Database\\Console\\Migrations\\ResetCommand->handle()
#19 /var/www/html/vendor/laravel/framework/src/Illuminate/Container/Util.php(40): Illuminate\\Container\\BoundMethod::Illuminate\\Container\\{closure}()
#20 /var/www/html/vendor/laravel/framework/src/Illuminate/Container/BoundMethod.php(93): Illuminate\\Container\\Util::unwrapIfClosure()
#21 /var/www/html/vendor/laravel/framework/src/Illuminate/Container/BoundMethod.php(37): Illuminate\\Container\\BoundMethod::callBoundMethod()
#22 /var/www/html/vendor/laravel/framework/src/Illuminate/Container/Container.php(653): Illuminate\\Container\\BoundMethod::call()
#23 /var/www/html/vendor/laravel/framework/src/Illuminate/Console/Command.php(136): Illuminate\\Container\\Container->call()
#24 /var/www/html/vendor/symfony/console/Command/Command.php(298): Illuminate\\Console\\Command->execute()
#25 /var/www/html/vendor/laravel/framework/src/Illuminate/Console/Command.php(121): Symfony\\Component\\Console\\Command\\Command->run()
#26 /var/www/html/vendor/laravel/framework/src/Illuminate/Console/Concerns/CallsCommands.php(68): Illuminate\\Console\\Command->run()
#27 /var/www/html/vendor/laravel/framework/src/Illuminate/Console/Concerns/CallsCommands.php(28): Illuminate\\Console\\Command->runCommand()
#28 /var/www/html/vendor/laravel/framework/src/Illuminate/Database/Console/Migrations/RefreshCommand.php(110): Illuminate\\Console\\Command->call()
#29 /var/www/html/vendor/laravel/framework/src/Illuminate/Database/Console/Migrations/RefreshCommand.php(55): Illuminate\\Database\\Console\\Migrations\\RefreshCommand->runReset()
#30 /var/www/html/vendor/laravel/framework/src/Illuminate/Container/BoundMethod.php(36): Illuminate\\Database\\Console\\Migrations\\RefreshCommand->handle()
#31 /var/www/html/vendor/laravel/framework/src/Illuminate/Container/Util.php(40): Illuminate\\Container\\BoundMethod::Illuminate\\Container\\{closure}()
#32 /var/www/html/vendor/laravel/framework/src/Illuminate/Container/BoundMethod.php(93): Illuminate\\Container\\Util::unwrapIfClosure()
#33 /var/www/html/vendor/laravel/framework/src/Illuminate/Container/BoundMethod.php(37): Illuminate\\Container\\BoundMethod::callBoundMethod()
#34 /var/www/html/vendor/laravel/framework/src/Illuminate/Container/Container.php(653): Illuminate\\Container\\BoundMethod::call()
#35 /var/www/html/vendor/laravel/framework/src/Illuminate/Console/Command.php(136): Illuminate\\Container\\Container->call()
#36 /var/www/html/vendor/symfony/console/Command/Command.php(298): Illuminate\\Console\\Command->execute()
#37 /var/www/html/vendor/laravel/framework/src/Illuminate/Console/Command.php(121): Symfony\\Component\\Console\\Command\\Command->run()
#38 /var/www/html/vendor/symfony/console/Application.php(1040): Illuminate\\Console\\Command->run()
#39 /var/www/html/vendor/symfony/console/Application.php(301): Symfony\\Component\\Console\\Application->doRunCommand()
#40 /var/www/html/vendor/symfony/console/Application.php(171): Symfony\\Component\\Console\\Application->doRun()
#41 /var/www/html/vendor/laravel/framework/src/Illuminate/Console/Application.php(94): Symfony\\Component\\Console\\Application->run()
#42 /var/www/html/vendor/laravel/framework/src/Illuminate/Foundation/Console/Kernel.php(129): Illuminate\\Console\\Application->run()
#43 /var/www/html/artisan(37): Illuminate\\Foundation\\Console\\Kernel->handle()
#44 {main}
"} 
[2023-01-13 10:30:12] local.ERROR: SQLSTATE[HY000] [1045] Access denied for user 'root'@'172.22.0.3' (using password: NO) (SQL: SHOW FULL TABLES WHERE table_type = 'BASE TABLE') {"exception":"[object] (Illuminate\\Database\\QueryException(code: 1045): SQLSTATE[HY000] [1045] Access denied for user 'root'@'172.22.0.3' (using password: NO) (SQL: SHOW FULL TABLES WHERE table_type = 'BASE TABLE') at /var/www/html/vendor/laravel/framework/src/Illuminate/Database/Connection.php:712)
[stacktrace]
#0 /var/www/html/vendor/laravel/framework/src/Illuminate/Database/Connection.php(672): Illuminate\\Database\\Connection->runQueryCallback()
#1 /var/www/html/vendor/laravel/framework/src/Illuminate/Database/Connection.php(376): Illuminate\\Database\\Connection->run()
#2 /var/www/html/vendor/laravel/framework/src/Illuminate/Database/Schema/MySqlBuilder.php(125): Illuminate\\Database\\Connection->select()
#3 /var/www/html/vendor/laravel/framework/src/Illuminate/Database/Schema/MySqlBuilder.php(74): Illuminate\\Database\\Schema\\MySqlBuilder->getAllTables()
#4 /var/www/html/vendor/laravel/framework/src/Illuminate/Database/Console/WipeCommand.php(69): Illuminate\\Database\\Schema\\MySqlBuilder->dropAllTables()
#5 /var/www/html/vendor/laravel/framework/src/Illuminate/Database/Console/WipeCommand.php(46): Illuminate\\Database\\Console\\WipeCommand->dropAllTables()
#6 /var/www/html/vendor/laravel/framework/src/Illuminate/Container/BoundMethod.php(36): Illuminate\\Database\\Console\\WipeCommand->handle()
#7 /var/www/html/vendor/laravel/framework/src/Illuminate/Container/Util.php(40): Illuminate\\Container\\BoundMethod::Illuminate\\Container\\{closure}()
#8 /var/www/html/vendor/laravel/framework/src/Illuminate/Container/BoundMethod.php(93): Illuminate\\Container\\Util::unwrapIfClosure()
#9 /var/www/html/vendor/laravel/framework/src/Illuminate/Container/BoundMethod.php(37): Illuminate\\Container\\BoundMethod::callBoundMethod()
#10 /var/www/html/vendor/laravel/framework/src/Illuminate/Container/Container.php(653): Illuminate\\Container\\BoundMethod::call()
#11 /var/www/html/vendor/laravel/framework/src/Illuminate/Console/Command.php(136): Illuminate\\Container\\Container->call()
#12 /var/www/html/vendor/symfony/console/Command/Command.php(298): Illuminate\\Console\\Command->execute()
#13 /var/www/html/vendor/laravel/framework/src/Illuminate/Console/Command.php(121): Symfony\\Component\\Console\\Command\\Command->run()
#14 /var/www/html/vendor/laravel/framework/src/Illuminate/Console/Concerns/CallsCommands.php(68): Illuminate\\Console\\Command->run()
#15 /var/www/html/vendor/laravel/framework/src/Illuminate/Console/Concerns/CallsCommands.php(28): Illuminate\\Console\\Command->runCommand()
#16 /var/www/html/vendor/laravel/framework/src/Illuminate/Database/Console/Migrations/FreshCommand.php(43): Illuminate\\Console\\Command->call()
#17 /var/www/html/vendor/laravel/framework/src/Illuminate/Container/BoundMethod.php(36): Illuminate\\Database\\Console\\Migrations\\FreshCommand->handle()
#18 /var/www/html/vendor/laravel/framework/src/Illuminate/Container/Util.php(40): Illuminate\\Container\\BoundMethod::Illuminate\\Container\\{closure}()
#19 /var/www/html/vendor/laravel/framework/src/Illuminate/Container/BoundMethod.php(93): Illuminate\\Container\\Util::unwrapIfClosure()
#20 /var/www/html/vendor/laravel/framework/src/Illuminate/Container/BoundMethod.php(37): Illuminate\\Container\\BoundMethod::callBoundMethod()
#21 /var/www/html/vendor/laravel/framework/src/Illuminate/Container/Container.php(653): Illuminate\\Container\\BoundMethod::call()
#22 /var/www/html/vendor/laravel/framework/src/Illuminate/Console/Command.php(136): Illuminate\\Container\\Container->call()
#23 /var/www/html/vendor/symfony/console/Command/Command.php(298): Illuminate\\Console\\Command->execute()
#24 /var/www/html/vendor/laravel/framework/src/Illuminate/Console/Command.php(121): Symfony\\Component\\Console\\Command\\Command->run()
#25 /var/www/html/vendor/symfony/console/Application.php(1040): Illuminate\\Console\\Command->run()
#26 /var/www/html/vendor/symfony/console/Application.php(301): Symfony\\Component\\Console\\Application->doRunCommand()
#27 /var/www/html/vendor/symfony/console/Application.php(171): Symfony\\Component\\Console\\Application->doRun()
#28 /var/www/html/vendor/laravel/framework/src/Illuminate/Console/Application.php(94): Symfony\\Component\\Console\\Application->run()
#29 /var/www/html/vendor/laravel/framework/src/Illuminate/Foundation/Console/Kernel.php(129): Illuminate\\Console\\Application->run()
#30 /var/www/html/artisan(37): Illuminate\\Foundation\\Console\\Kernel->handle()
#31 {main}

[previous exception] [object] (PDOException(code: 1045): SQLSTATE[HY000] [1045] Access denied for user 'root'@'172.22.0.3' (using password: NO) at /var/www/html/vendor/laravel/framework/src/Illuminate/Database/Connectors/Connector.php:70)
[stacktrace]
#0 /var/www/html/vendor/laravel/framework/src/Illuminate/Database/Connectors/Connector.php(70): PDO->__construct()
#1 /var/www/html/vendor/laravel/framework/src/Illuminate/Database/Connectors/Connector.php(46): Illuminate\\Database\\Connectors\\Connector->createPdoConnection()
#2 /var/www/html/vendor/laravel/framework/src/Illuminate/Database/Connectors/MySqlConnector.php(24): Illuminate\\Database\\Connectors\\Connector->createConnection()
#3 /var/www/html/vendor/laravel/framework/src/Illuminate/Database/Connectors/ConnectionFactory.php(184): Illuminate\\Database\\Connectors\\MySqlConnector->connect()
#4 [internal function]: Illuminate\\Database\\Connectors\\ConnectionFactory->Illuminate\\Database\\Connectors\\{closure}()
#5 /var/www/html/vendor/laravel/framework/src/Illuminate/Database/Connection.php(1064): call_user_func()
#6 /var/www/html/vendor/laravel/framework/src/Illuminate/Database/Connection.php(1100): Illuminate\\Database\\Connection->getPdo()
#7 /var/www/html/vendor/laravel/framework/src/Illuminate/Database/Connection.php(442): Illuminate\\Database\\Connection->getReadPdo()
#8 /var/www/html/vendor/laravel/framework/src/Illuminate/Database/Connection.php(368): Illuminate\\Database\\Connection->getPdoForSelect()
#9 /var/www/html/vendor/laravel/framework/src/Illuminate/Database/Connection.php(705): Illuminate\\Database\\Connection->Illuminate\\Database\\{closure}()
#10 /var/www/html/vendor/laravel/framework/src/Illuminate/Database/Connection.php(672): Illuminate\\Database\\Connection->runQueryCallback()
#11 /var/www/html/vendor/laravel/framework/src/Illuminate/Database/Connection.php(376): Illuminate\\Database\\Connection->run()
#12 /var/www/html/vendor/laravel/framework/src/Illuminate/Database/Schema/MySqlBuilder.php(125): Illuminate\\Database\\Connection->select()
#13 /var/www/html/vendor/laravel/framework/src/Illuminate/Database/Schema/MySqlBuilder.php(74): Illuminate\\Database\\Schema\\MySqlBuilder->getAllTables()
#14 /var/www/html/vendor/laravel/framework/src/Illuminate/Database/Console/WipeCommand.php(69): Illuminate\\Database\\Schema\\MySqlBuilder->dropAllTables()
#15 /var/www/html/vendor/laravel/framework/src/Illuminate/Database/Console/WipeCommand.php(46): Illuminate\\Database\\Console\\WipeCommand->dropAllTables()
#16 /var/www/html/vendor/laravel/framework/src/Illuminate/Container/BoundMethod.php(36): Illuminate\\Database\\Console\\WipeCommand->handle()
#17 /var/www/html/vendor/laravel/framework/src/Illuminate/Container/Util.php(40): Illuminate\\Container\\BoundMethod::Illuminate\\Container\\{closure}()
#18 /var/www/html/vendor/laravel/framework/src/Illuminate/Container/BoundMethod.php(93): Illuminate\\Container\\Util::unwrapIfClosure()
#19 /var/www/html/vendor/laravel/framework/src/Illuminate/Container/BoundMethod.php(37): Illuminate\\Container\\BoundMethod::callBoundMethod()
#20 /var/www/html/vendor/laravel/framework/src/Illuminate/Container/Container.php(653): Illuminate\\Container\\BoundMethod::call()
#21 /var/www/html/vendor/laravel/framework/src/Illuminate/Console/Command.php(136): Illuminate\\Container\\Container->call()
#22 /var/www/html/vendor/symfony/console/Command/Command.php(298): Illuminate\\Console\\Command->execute()
#23 /var/www/html/vendor/laravel/framework/src/Illuminate/Console/Command.php(121): Symfony\\Component\\Console\\Command\\Command->run()
#24 /var/www/html/vendor/laravel/framework/src/Illuminate/Console/Concerns/CallsCommands.php(68): Illuminate\\Console\\Command->run()
#25 /var/www/html/vendor/laravel/framework/src/Illuminate/Console/Concerns/CallsCommands.php(28): Illuminate\\Console\\Command->runCommand()
#26 /var/www/html/vendor/laravel/framework/src/Illuminate/Database/Console/Migrations/FreshCommand.php(43): Illuminate\\Console\\Command->call()
#27 /var/www/html/vendor/laravel/framework/src/Illuminate/Container/BoundMethod.php(36): Illuminate\\Database\\Console\\Migrations\\FreshCommand->handle()
#28 /var/www/html/vendor/laravel/framework/src/Illuminate/Container/Util.php(40): Illuminate\\Container\\BoundMethod::Illuminate\\Container\\{closure}()
#29 /var/www/html/vendor/laravel/framework/src/Illuminate/Container/BoundMethod.php(93): Illuminate\\Container\\Util::unwrapIfClosure()
#30 /var/www/html/vendor/laravel/framework/src/Illuminate/Container/BoundMethod.php(37): Illuminate\\Container\\BoundMethod::callBoundMethod()
#31 /var/www/html/vendor/laravel/framework/src/Illuminate/Container/Container.php(653): Illuminate\\Container\\BoundMethod::call()
#32 /var/www/html/vendor/laravel/framework/src/Illuminate/Console/Command.php(136): Illuminate\\Container\\Container->call()
#33 /var/www/html/vendor/symfony/console/Command/Command.php(298): Illuminate\\Console\\Command->execute()
#34 /var/www/html/vendor/laravel/framework/src/Illuminate/Console/Command.php(121): Symfony\\Component\\Console\\Command\\Command->run()
#35 /var/www/html/vendor/symfony/console/Application.php(1040): Illuminate\\Console\\Command->run()
#36 /var/www/html/vendor/symfony/console/Application.php(301): Symfony\\Component\\Console\\Application->doRunCommand()
#37 /var/www/html/vendor/symfony/console/Application.php(171): Symfony\\Component\\Console\\Application->doRun()
#38 /var/www/html/vendor/laravel/framework/src/Illuminate/Console/Application.php(94): Symfony\\Component\\Console\\Application->run()
#39 /var/www/html/vendor/laravel/framework/src/Illuminate/Foundation/Console/Kernel.php(129): Illuminate\\Console\\Application->run()
#40 /var/www/html/artisan(37): Illuminate\\Foundation\\Console\\Kernel->handle()
#41 {main}
"} 
